rank,x0_utm,y0_utm,zmean_ft,ponding_ft,basins,mean_pci,s_pond,s_basin_deficit,s_pci,priority
1,326034.2,4694825.4,29.1,4.0,0,29.3,1.0,1.0,0.707,94.1
2,326384.2,4694575.4,25.0,4.0,0,42.5,1.0,1.0,0.576,91.5
3,326584.2,4694525.4,26.8,4.0,0,45.0,1.0,1.0,0.55,91.0
4,326584.2,4694575.4,37.0,3.978,0,44.2,0.995,1.0,0.558,90.9
5,326484.2,4694725.4,70.2,3.75,0,33.1,0.937,1.0,0.669,90.3
6,325534.2,4695475.4,28.1,3.928,0,49.1,0.982,1.0,0.509,89.3
7,326584.2,4694625.4,49.5,3.927,0,51.1,0.982,1.0,0.489,88.9
8,326034.2,4695225.4,62.5,3.885,0,49.9,0.971,1.0,0.501,88.6
9,326084.2,4694825.4,37.2,4.0,0,58.4,1.0,1.0,0.416,88.3
10,325734.2,4695075.4,33.6,3.881,0,51.1,0.97,1.0,0.489,88.3
11,325884.2,4696125.4,45.4,3.961,0,56.4,0.99,1.0,0.436,88.2
12,326884.2,4694475.4,29.3,3.979,0,58.8,0.995,1.0,0.412,88.0
13,326034.2,4694875.4,34.8,4.0,0,60.2,1.0,1.0,0.398,88.0
14,326634.2,4694975.4,89.2,3.818,0,51.1,0.955,1.0,0.489,87.5
15,326684.2,4695375.4,45.8,3.495,0,31.7,0.874,1.0,0.683,87.3
16,326734.2,4694525.4,31.1,3.957,0,61.4,0.989,1.0,0.386,87.2
17,326034.2,4695425.4,57.7,3.972,0,62.8,0.993,1.0,0.372,87.1
18,325684.2,4695275.4,33.1,3.992,0,64.5,0.998,1.0,0.355,87.0
19,326334.2,4694575.4,22.8,4.0,0,65.6,1.0,1.0,0.344,86.9
20,325984.2,4694825.4,27.5,3.93,0,61.0,0.982,1.0,0.39,86.9
21,326084.2,4695175.4,70.8,4.0,0,66.0,1.0,1.0,0.34,86.8
22,325534.2,4695425.4,29.2,3.881,0,59.3,0.97,1.0,0.407,86.7
23,325684.2,4695225.4,33.5,3.938,0,65.5,0.984,1.0,0.345,86.1
24,327134.2,4695075.4,55.0,3.697,0,51.0,0.924,1.0,0.49,86.0
25,325684.2,4695525.4,32.5,3.846,0,60.8,0.962,1.0,0.392,85.9
26,326684.2,4694475.4,20.4,3.981,0,70.1,0.995,1.0,0.299,85.8
27,325684.2,4694925.4,24.6,3.971,0,69.0,0.993,1.0,0.31,85.8
28,327084.2,4695075.4,64.3,3.734,0,54.4,0.933,1.0,0.456,85.8
29,325834.2,4696175.4,47.2,3.941,0,67.6,0.985,1.0,0.324,85.8
30,326034.2,4694925.4,46.4,3.87,0,65.1,0.968,1.0,0.349,85.4
31,326484.2,4695475.4,41.2,3.861,0,66.0,0.965,1.0,0.34,85.1
32,326534.2,4694525.4,25.3,4.0,0,75.4,1.0,1.0,0.246,84.9
33,326784.2,4694475.4,24.6,3.988,0,75.0,0.997,1.0,0.25,84.8
34,326534.2,4694675.4,59.3,3.778,0,62.0,0.945,1.0,0.38,84.8
35,326134.2,4694825.4,49.1,3.676,0,56.0,0.919,1.0,0.44,84.8
36,325934.2,4694875.4,32.1,3.725,0,58.7,0.931,1.0,0.413,84.8
37,326634.2,4695375.4,46.6,3.675,0,55.7,0.919,1.0,0.443,84.8
38,326434.2,4694725.4,68.1,3.257,0,29.8,0.814,1.0,0.702,84.7
39,325734.2,4695225.4,35.8,3.921,0,71.7,0.98,1.0,0.283,84.7
40,326584.2,4695375.4,47.0,3.845,0,66.8,0.961,1.0,0.332,84.7
41,326084.2,4695225.4,68.0,4.0,0,77.9,1.0,1.0,0.221,84.4
42,326684.2,4694525.4,28.3,3.986,0,78.2,0.996,1.0,0.218,84.2
43,325734.2,4695325.4,36.4,3.966,0,77.5,0.992,1.0,0.225,84.1
44,326884.2,4695625.4,60.9,3.942,0,77.4,0.985,1.0,0.226,83.8
45,326384.2,4694525.4,20.0,3.938,0,77.9,0.985,1.0,0.221,83.7
46,326534.2,4695425.4,43.3,3.736,0,65.0,0.934,1.0,0.35,83.7
47,326234.2,4694575.4,20.2,4.0,0,82.5,1.0,1.0,0.175,83.5
48,325734.2,4695275.4,35.1,4.0,0,82.2,1.0,1.0,0.177,83.5
49,326084.2,4694475.4,13.6,3.93,0,78.8,0.983,1.0,0.212,83.4
50,325934.2,4694625.4,18.0,4.0,0,82.9,1.0,1.0,0.171,83.4
51,325484.2,4695475.4,27.3,4.0,0,83.0,1.0,1.0,0.17,83.4
52,326034.2,4694475.4,14.1,4.0,0,83.5,1.0,1.0,0.165,83.3
53,326084.2,4694425.4,13.9,4.0,0,84.2,1.0,1.0,0.158,83.2
54,326084.2,4694525.4,14.8,3.885,0,76.9,0.971,1.0,0.231,83.2
55,326934.2,4694825.4,68.1,4.0,0,83.8,1.0,1.0,0.162,83.2
56,325984.2,4694875.4,31.4,4.0,0,84.0,1.0,1.0,0.16,83.2
57,325634.2,4695275.4,32.0,3.991,0,83.5,0.998,1.0,0.165,83.2
58,325584.2,4695325.4,31.2,4.0,0,84.0,1.0,1.0,0.16,83.2
59,325434.2,4695575.4,25.7,3.905,0,77.8,0.976,1.0,0.222,83.2
60,325984.2,4694575.4,16.3,3.999,0,85.0,1.0,1.0,0.15,83.0
61,326284.2,4694575.4,21.4,4.0,0,85.0,1.0,1.0,0.15,83.0
62,325834.2,4696125.4,46.8,3.852,0,75.6,0.963,1.0,0.244,83.0
63,326084.2,4694775.4,33.7,3.816,0,74.0,0.954,1.0,0.26,82.9
64,325684.2,4695325.4,33.9,3.718,0,67.7,0.93,1.0,0.323,82.9
65,325484.2,4695525.4,27.0,3.884,0,78.5,0.971,1.0,0.215,82.8
66,326184.2,4694325.4,16.2,4.0,0,86.6,1.0,1.0,0.134,82.7
67,326734.2,4694475.4,21.3,3.999,0,86.3,1.0,1.0,0.137,82.7
68,326534.2,4694325.4,11.9,3.506,0,56.4,0.876,1.0,0.436,82.6
69,326134.2,4694375.4,14.4,4.0,0,87.6,1.0,1.0,0.124,82.5
70,325934.2,4696325.4,44.7,3.662,0,66.3,0.915,1.0,0.337,82.5
71,327134.2,4694725.4,55.5,4.0,0,87.8,1.0,1.0,0.122,82.4
72,326034.2,4694525.4,14.9,3.965,0,86.5,0.991,1.0,0.135,82.3
73,327134.2,4694675.4,47.3,4.0,0,88.3,1.0,1.0,0.117,82.3
74,326884.2,4694825.4,67.5,4.0,0,88.4,1.0,1.0,0.116,82.3
75,326034.2,4695275.4,58.3,4.0,0,88.3,1.0,1.0,0.117,82.3
76,326484.2,4695375.4,45.9,4.0,0,88.6,1.0,1.0,0.114,82.3
77,326884.2,4694875.4,75.1,3.963,0,87.0,0.991,1.0,0.13,82.1
78,326134.2,4694775.4,42.1,3.442,0,55.4,0.861,1.0,0.446,82.0
79,326434.2,4695425.4,43.6,3.999,0,89.8,1.0,1.0,0.102,82.0
80,326034.2,4695325.4,55.2,4.0,0,90.5,1.0,1.0,0.095,81.9
81,326234.2,4694325.4,17.0,3.888,0,83.9,0.972,1.0,0.161,81.8
82,327084.2,4694625.4,42.6,3.92,0,86.6,0.98,1.0,0.134,81.7
83,326384.2,4695225.4,88.8,3.527,0,61.7,0.882,1.0,0.383,81.7
84,325584.2,4695375.4,30.7,3.836,0,81.2,0.959,1.0,0.188,81.7
85,326984.2,4694775.4,64.5,3.959,0,89.5,0.99,1.0,0.105,81.6
86,326384.2,4694275.4,14.8,3.798,0,80.0,0.949,1.0,0.2,81.5
87,325984.2,4694625.4,18.5,3.926,0,88.0,0.981,1.0,0.12,81.5
88,326034.2,4694775.4,28.8,3.335,0,50.9,0.834,1.0,0.491,81.5
89,326834.2,4694875.4,73.1,4.0,0,92.4,1.0,1.0,0.076,81.5
90,326934.2,4694775.4,63.9,3.889,0,86.1,0.972,1.0,0.139,81.4
91,326334.2,4695475.4,48.4,3.946,0,89.7,0.987,1.0,0.103,81.4
92,326134.2,4694425.4,13.6,3.867,0,85.0,0.967,1.0,0.15,81.3
93,325734.2,4695025.4,33.2,3.472,0,60.6,0.868,1.0,0.394,81.3
94,326034.2,4695375.4,55.5,4.0,0,93.6,1.0,1.0,0.064,81.3
95,325584.2,4695525.4,28.5,3.232,0,45.4,0.808,1.0,0.546,81.3
96,327034.2,4694675.4,50.0,3.986,0,93.3,0.996,1.0,0.067,81.2
97,325884.2,4694675.4,22.7,3.826,0,83.8,0.957,1.0,0.162,81.1
98,327184.2,4694725.4,58.6,4.0,0,94.4,1.0,1.0,0.056,81.1
99,326334.2,4694325.4,14.3,4.0,0,95.1,1.0,1.0,0.049,81.0
100,325984.2,4694525.4,15.4,4.0,0,94.9,1.0,1.0,0.051,81.0
101,326784.2,4694875.4,75.9,3.895,0,88.5,0.974,1.0,0.115,81.0
102,326834.2,4695775.4,65.3,3.504,0,64.0,0.876,1.0,0.36,81.0
103,326284.2,4694325.4,15.8,3.839,0,85.4,0.96,1.0,0.146,80.9
104,326084.2,4695275.4,65.8,4.0,0,95.6,1.0,1.0,0.044,80.9
105,326534.2,4695475.4,40.6,3.694,0,76.5,0.924,1.0,0.235,80.9
106,326034.2,4695175.4,64.8,3.698,0,77.3,0.925,1.0,0.227,80.8
107,326384.2,4695425.4,48.2,3.972,0,94.0,0.993,1.0,0.06,80.8
108,326734.2,4694925.4,80.3,3.882,0,89.0,0.971,1.0,0.11,80.7
109,326484.2,4695125.4,94.7,3.689,0,77.1,0.922,1.0,0.229,80.7
110,326434.2,4695875.4,38.6,3.075,0,38.8,0.769,1.0,0.612,80.7
111,326784.2,4694525.4,33.7,3.992,0,96.4,0.998,1.0,0.036,80.6
112,326434.2,4695175.4,91.7,3.954,0,94.3,0.988,1.0,0.057,80.6
113,326684.2,4694925.4,82.9,4.0,0,97.4,1.0,1.0,0.026,80.5
114,326384.2,4696075.4,37.0,3.858,0,89.3,0.964,1.0,0.107,80.4
115,325634.2,4694975.4,28.1,3.743,0,82.2,0.936,1.0,0.178,80.3
116,326384.2,4694325.4,12.9,3.939,0,95.0,0.985,1.0,0.05,80.2
117,326584.2,4694475.4,19.5,3.663,0,77.8,0.916,1.0,0.222,80.2
118,326134.2,4694575.4,17.8,3.693,0,80.0,0.923,1.0,0.2,80.2
119,326834.2,4694475.4,29.1,3.744,0,84.8,0.936,1.0,0.152,79.8
120,325634.2,4695325.4,32.3,3.721,0,84.1,0.93,1.0,0.159,79.7
121,326834.2,4694825.4,70.9,3.876,0,94.3,0.969,1.0,0.057,79.6
122,326184.2,4694575.4,19.5,3.679,0,82.3,0.92,1.0,0.177,79.5
123,326384.2,4695475.4,44.4,3.848,0,93.1,0.962,1.0,0.069,79.5
124,326534.2,4695525.4,40.1,3.705,0,84.4,0.926,1.0,0.156,79.4
125,326684.2,4695325.4,52.3,3.205,0,54.0,0.801,1.0,0.46,79.3
126,326434.2,4695475.4,42.7,3.927,0,98.8,0.982,1.0,0.012,79.3
127,325534.2,4695525.4,27.6,3.381,0,65.0,0.845,1.0,0.35,79.3
128,325934.2,4694675.4,20.8,3.754,0,88.7,0.938,1.0,0.113,79.2
129,326284.2,4695525.4,47.9,3.626,0,80.6,0.906,1.0,0.194,79.2
130,325984.2,4695425.4,57.0,2.629,0,19.4,0.657,1.0,0.806,79.0
131,326884.2,4695575.4,59.4,3.496,0,73.8,0.874,1.0,0.262,78.9
132,326284.2,4694525.4,17.4,3.644,0,83.6,0.911,1.0,0.164,78.8
133,326484.2,4695425.4,43.5,3.776,0,92.0,0.944,1.0,0.08,78.8
134,325934.2,4696575.4,32.9,3.165,0,53.8,0.791,1.0,0.462,78.8
135,326134.2,4695125.4,87.2,2.976,0,45.8,0.744,1.0,0.542,78.0
136,326084.2,4694875.4,45.1,3.818,0,99.3,0.954,1.0,0.007,77.9
137,325984.2,4694675.4,19.8,3.737,0,96.7,0.934,1.0,0.033,77.4
138,326184.2,4696325.4,36.6,2.891,0,45.1,0.723,1.0,0.548,77.1
139,326734.2,4694875.4,79.7,3.702,0,96.4,0.925,1.0,0.036,77.0
140,325484.2,4695575.4,26.3,3.379,0,76.7,0.845,1.0,0.233,76.9
141,325784.2,4695025.4,36.7,2.873,0,45.3,0.718,1.0,0.547,76.8
142,326334.2,4694525.4,19.2,3.414,0,80.0,0.853,1.0,0.2,76.7
143,326734.2,4695325.4,52.0,2.785,0,40.6,0.696,1.0,0.594,76.7
144,326684.2,4694875.4,84.1,3.657,0,95.5,0.914,1.0,0.045,76.6
145,326234.2,4695525.4,50.4,3.723,0,99.7,0.931,1.0,0.003,76.6
146,326534.2,4694475.4,20.0,3.257,0,72.3,0.814,1.0,0.277,76.3
147,326534.2,4694575.4,35.8,3.108,0,62.7,0.777,1.0,0.373,76.3
148,326084.2,4695875.4,39.1,2.568,0,29.9,0.642,1.0,0.701,76.1
149,327084.2,4694725.4,57.8,3.502,0,88.7,0.876,1.0,0.113,76.0
150,325734.2,4695175.4,36.7,3.162,0,67.4,0.79,1.0,0.326,76.0
151,326484.2,4695525.4,41.0,3.421,0,84.8,0.855,1.0,0.152,75.8
152,325634.2,4695525.4,30.1,3.52,0,91.4,0.88,1.0,0.086,75.7
153,325734.2,4695525.4,37.5,2.974,0,57.5,0.744,1.0,0.425,75.7
154,325784.2,4695475.4,43.2,2.934,0,55.5,0.733,1.0,0.445,75.6
155,326834.2,4694525.4,38.5,3.165,0,71.5,0.791,1.0,0.285,75.3
156,326134.2,4694625.4,23.0,3.37,0,84.4,0.843,1.0,0.156,75.3
157,325734.2,4695125.4,36.0,2.866,0,52.5,0.716,1.0,0.475,75.3
158,327984.2,4693375.4,10.2,4.0,1,,1.0,0.5,0.5,75.0
159,328084.2,4693375.4,9.6,4.0,1,,1.0,0.5,0.5,75.0
160,327484.2,4693475.4,9.3,4.0,1,,1.0,0.5,0.5,75.0
161,328034.2,4694025.4,13.8,4.0,1,,1.0,0.5,0.5,75.0
162,328034.2,4694075.4,15.9,3.999,1,,1.0,0.5,0.5,75.0
163,327284.2,4695075.4,33.6,4.0,1,,1.0,0.5,0.5,75.0
164,327134.2,4695125.4,37.6,4.0,1,,1.0,0.5,0.5,75.0
165,327034.2,4695175.4,41.8,4.0,1,,1.0,0.5,0.5,75.0
166,327634.2,4696175.4,15.5,4.0,1,,1.0,0.5,0.5,75.0
167,327634.2,4696225.4,14.1,4.0,1,,1.0,0.5,0.5,75.0
168,327484.2,4696275.4,21.0,4.0,1,,1.0,0.5,0.5,75.0
169,327534.2,4696275.4,13.7,4.0,1,,1.0,0.5,0.5,75.0
170,325184.2,4696525.4,31.3,4.0,1,,1.0,0.5,0.5,75.0
171,325234.2,4696525.4,30.2,4.0,1,,1.0,0.5,0.5,75.0
172,325284.2,4696825.4,46.4,4.0,1,,1.0,0.5,0.5,75.0
173,325334.2,4696825.4,44.4,4.0,1,,1.0,0.5,0.5,75.0
174,325334.2,4696775.4,43.2,3.995,1,,0.999,0.5,0.5,74.9
175,327734.2,4694775.4,28.5,3.981,1,,0.995,0.5,0.5,74.8
176,325884.2,4696175.4,47.0,3.026,0,65.0,0.756,1.0,0.35,74.8
177,327034.2,4695525.4,78.3,3.452,0,92.7,0.863,1.0,0.073,74.6
178,326984.2,4694675.4,53.5,3.462,0,94.8,0.865,1.0,0.052,74.3
179,327134.2,4694775.4,70.2,3.355,0,88.3,0.839,1.0,0.117,74.3
180,327484.2,4694975.4,32.9,3.947,1,,0.987,0.5,0.5,74.3
181,327034.2,4695475.4,72.7,3.264,0,82.9,0.816,1.0,0.171,74.2
182,326834.2,4695375.4,40.5,3.917,1,,0.979,0.5,0.5,74.0
183,326384.2,4695175.4,100.3,2.553,0,40.0,0.638,1.0,0.6,73.9
184,326184.2,4694375.4,15.7,3.275,0,86.3,0.819,1.0,0.137,73.7
185,325984.2,4695375.4,57.7,2.697,0,50.2,0.674,1.0,0.498,73.7
186,325284.2,4696475.4,27.4,3.897,1,,0.974,0.5,0.5,73.7
187,325884.2,4694775.4,24.6,3.205,0,82.6,0.801,1.0,0.174,73.5
188,327884.2,4694425.4,29.9,3.869,1,,0.967,0.5,0.5,73.4
189,327134.2,4694625.4,44.0,3.24,0,86.3,0.81,1.0,0.137,73.2
190,328384.2,4695925.4,14.0,3.856,1,,0.964,0.5,0.5,73.2
191,326134.2,4695925.4,39.6,2.24,0,24.4,0.56,1.0,0.756,73.1
192,326334.2,4695275.4,86.0,2.813,0,60.8,0.703,1.0,0.392,73.0
193,326934.2,4695675.4,74.5,3.266,0,89.3,0.817,1.0,0.107,73.0
194,326034.2,4694625.4,19.3,3.142,0,82.0,0.785,1.0,0.18,72.9
195,325984.2,4695325.4,58.5,2.587,0,47.0,0.647,1.0,0.53,72.9
196,327234.2,4695025.4,49.6,3.032,0,75.4,0.758,1.0,0.246,72.8
197,326084.2,4695325.4,65.4,3.332,0,95.0,0.833,1.0,0.05,72.7
198,326784.2,4694825.4,75.8,3.235,0,89.0,0.809,1.0,0.11,72.6
199,327034.2,4695125.4,60.0,3.917,1,57.7,0.979,0.5,0.423,72.4
200,326634.2,4695575.4,40.0,3.007,0,76.5,0.752,1.0,0.235,72.3
201,326984.2,4695125.4,67.1,2.423,0,40.5,0.606,1.0,0.595,72.2
202,327484.2,4693525.4,8.9,3.762,1,,0.94,0.5,0.5,72.0
203,326034.2,4694575.4,17.9,2.991,0,77.0,0.748,1.0,0.23,72.0
204,325534.2,4696475.4,32.9,3.756,1,,0.939,0.5,0.5,71.9
205,325634.2,4695975.4,31.0,3.747,1,,0.937,0.5,0.5,71.8
206,327484.2,4695425.4,48.7,3.735,1,,0.934,0.5,0.5,71.7
207,326484.2,4695775.4,41.2,2.7,0,60.7,0.675,1.0,0.393,71.6
208,326534.2,4694625.4,47.8,2.651,0,58.0,0.663,1.0,0.42,71.5
209,326534.2,4695725.4,39.0,3.714,1,,0.928,0.5,0.5,71.4
210,325934.2,4694725.4,22.7,3.096,0,87.3,0.774,1.0,0.127,71.2
211,327384.2,4695225.4,38.6,3.69,1,,0.922,0.5,0.5,71.1
212,326934.2,4695625.4,69.7,3.724,2,27.2,0.931,0.333,0.728,71.1
213,328684.2,4695175.4,10.4,3.669,1,,0.917,0.5,0.5,70.9
214,326784.2,4694425.4,21.6,2.489,0,52.1,0.622,1.0,0.479,70.7
215,325834.2,4694825.4,27.4,2.994,0,83.8,0.748,1.0,0.162,70.7
216,326084.2,4694575.4,17.7,2.893,0,79.0,0.723,1.0,0.21,70.4
217,326984.2,4693775.4,10.6,3.609,1,,0.902,0.5,0.5,70.1
218,328984.2,4694975.4,12.8,3.61,1,,0.902,0.5,0.5,70.1
219,328034.2,4693375.4,10.4,4.0,2,,1.0,0.333,0.5,70.0
220,327534.2,4693475.4,9.9,4.0,2,,1.0,0.333,0.5,70.0
221,327584.2,4693475.4,10.0,4.0,2,,1.0,0.333,0.5,70.0
222,328034.2,4693975.4,10.9,4.0,2,,1.0,0.333,0.5,70.0
223,328034.2,4694125.4,15.6,4.0,2,,1.0,0.333,0.5,70.0
224,326484.2,4694675.4,58.1,2.669,0,66.7,0.667,1.0,0.333,70.0
225,327734.2,4694725.4,28.1,4.0,2,,1.0,0.333,0.5,70.0
226,327484.2,4694925.4,36.0,4.0,2,,1.0,0.333,0.5,70.0
227,327534.2,4694925.4,32.3,4.0,2,,1.0,0.333,0.5,70.0
228,327184.2,4695125.4,38.3,4.0,2,,1.0,0.333,0.5,70.0
229,326984.2,4695175.4,55.3,3.664,1,54.0,0.916,0.5,0.46,70.0
230,327234.2,4695325.4,56.9,3.6,1,,0.9,0.5,0.5,70.0
231,325184.2,4696575.4,36.0,4.0,2,,1.0,0.333,0.5,70.0
232,324384.2,4696725.4,15.6,4.0,2,,1.0,0.333,0.5,70.0
233,324434.2,4696725.4,17.8,4.0,2,,1.0,0.333,0.5,70.0
234,324484.2,4696725.4,23.4,4.0,2,,1.0,0.333,0.5,70.0
235,325884.2,4696775.4,27.9,4.0,2,,1.0,0.333,0.5,70.0
236,324934.2,4697075.4,58.3,4.0,2,,1.0,0.333,0.5,70.0
237,327034.2,4694725.4,58.5,3.109,0,94.8,0.777,1.0,0.052,69.9
238,327784.2,4694725.4,27.3,3.994,2,,0.999,0.333,0.5,69.9
239,326834.2,4695325.4,37.9,3.99,2,,0.997,0.333,0.5,69.9
240,326584.2,4695675.4,37.8,3.992,2,,0.998,0.333,0.5,69.9
241,326884.2,4695675.4,64.0,3.996,2,50.4,0.999,0.333,0.496,69.9
242,325534.2,4695575.4,27.4,2.128,0,34.1,0.532,1.0,0.659,69.8
243,325034.2,4696125.4,17.2,3.985,2,,0.996,0.333,0.5,69.8
244,326784.2,4694925.4,80.0,2.954,0,86.4,0.738,1.0,0.136,69.6
245,327834.2,4695225.4,20.3,3.569,1,,0.892,0.5,0.5,69.6
246,327984.2,4693425.4,10.0,3.961,2,,0.99,0.333,0.5,69.5
247,326534.2,4695075.4,95.9,2.988,0,89.7,0.747,1.0,0.103,69.4
248,327834.2,4695975.4,12.4,3.528,1,,0.882,0.5,0.5,69.1
249,325934.2,4696275.4,45.8,2.958,0,89.1,0.739,1.0,0.109,69.1
250,324384.2,4696875.4,20.9,3.524,1,,0.881,0.5,0.5,69.1
251,326584.2,4694375.4,13.2,2.756,0,77.0,0.689,1.0,0.23,69.0
252,326484.2,4694475.4,19.8,2.691,0,73.6,0.673,1.0,0.264,68.9
253,327534.2,4695425.4,45.5,3.516,1,,0.879,0.5,0.5,68.9
254,326034.2,4695575.4,50.0,2.876,0,85.5,0.719,1.0,0.145,68.8
255,325434.2,4695625.4,25.5,2.734,0,77.4,0.683,1.0,0.226,68.7
256,327934.2,4695775.4,14.9,3.899,2,,0.975,0.333,0.5,68.7
257,326184.2,4694775.4,51.8,2.4,0,56.9,0.6,1.0,0.431,68.6
258,326434.2,4694575.4,29.9,3.186,1,32.4,0.796,0.5,0.676,68.4
259,325584.2,4695475.4,30.6,2.09,0,38.7,0.522,1.0,0.613,68.4
260,326084.2,4696375.4,37.3,2.381,0,56.9,0.595,1.0,0.431,68.4
261,326234.2,4694375.4,15.4,2.691,0,76.5,0.673,1.0,0.235,68.3
262,327184.2,4695075.4,40.1,3.862,2,,0.966,0.333,0.5,68.3
263,325734.2,4695475.4,38.8,2.558,0,68.2,0.639,1.0,0.318,68.3
264,326434.2,4694525.4,21.3,4.0,1,84.0,1.0,0.5,0.16,68.2
265,325284.2,4696775.4,47.2,3.456,1,,0.864,0.5,0.5,68.2
266,327934.2,4695725.4,13.0,3.846,2,,0.961,0.333,0.5,68.1
267,328134.2,4694175.4,15.6,3.828,2,,0.957,0.333,0.5,67.8
268,326084.2,4695375.4,65.6,2.894,0,91.8,0.724,1.0,0.082,67.8
269,325934.2,4696125.4,45.4,2.412,0,62.0,0.603,1.0,0.38,67.8
270,326684.2,4694975.4,85.6,3.01,0,99.6,0.752,1.0,0.004,67.7
271,327684.2,4695325.4,28.7,3.42,1,,0.855,0.5,0.5,67.7
272,326634.2,4694925.4,90.9,2.926,0,94.9,0.732,1.0,0.051,67.6
273,327534.2,4694975.4,31.0,3.407,1,,0.852,0.5,0.5,67.6
274,327784.2,4693425.4,10.2,4.0,3,,1.0,0.25,0.5,67.5
275,327884.2,4693425.4,9.9,4.0,3,,1.0,0.25,0.5,67.5
276,327934.2,4693425.4,9.9,4.0,3,,1.0,0.25,0.5,67.5
277,326384.2,4694725.4,65.9,2.021,0,38.7,0.505,1.0,0.613,67.5
278,326984.2,4694825.4,75.1,2.748,0,84.1,0.687,1.0,0.159,67.5
279,327584.2,4694875.4,32.5,4.0,3,,1.0,0.25,0.5,67.5
280,327634.2,4694875.4,32.6,4.0,3,,1.0,0.25,0.5,67.5
281,327234.2,4695125.4,36.9,4.0,3,,1.0,0.25,0.5,67.5
282,325634.2,4695925.4,25.8,4.0,3,,1.0,0.25,0.5,67.5
283,328034.2,4695975.4,14.7,4.0,3,,1.0,0.25,0.5,67.5
284,328084.2,4695975.4,19.3,3.996,3,,0.999,0.25,0.5,67.5
285,325134.2,4696575.4,39.4,4.0,3,,1.0,0.25,0.5,67.5
286,324384.2,4696775.4,18.4,4.0,3,,1.0,0.25,0.5,67.5
287,324934.2,4697125.4,59.3,4.0,3,,1.0,0.25,0.5,67.5
288,326334.2,4694625.4,37.1,2.477,0,67.7,0.619,1.0,0.323,67.4
289,327634.2,4695325.4,30.6,3.991,3,,0.998,0.25,0.5,67.4
290,324384.2,4696825.4,19.2,3.982,3,,0.995,0.25,0.5,67.3
291,324934.2,4697175.4,61.4,3.381,1,,0.845,0.5,0.5,67.3
292,326084.2,4694925.4,58.3,2.238,0,54.0,0.559,1.0,0.46,67.2
293,326884.2,4695275.4,41.1,3.977,3,,0.994,0.25,0.5,67.2
294,326434.2,4695375.4,50.9,3.974,3,,0.993,0.25,0.5,67.2
295,324834.2,4697075.4,54.0,3.972,3,,0.993,0.25,0.5,67.1
296,327884.2,4694475.4,29.4,3.762,2,,0.941,0.333,0.5,67.0
297,325634.2,4695575.4,30.3,2.215,0,53.6,0.554,1.0,0.464,67.0
298,326984.2,4693825.4,9.3,3.331,1,,0.833,0.5,0.5,66.6
299,326934.2,4695575.4,65.7,3.983,4,45.7,0.996,0.2,0.543,66.6
300,327384.2,4695475.4,64.5,3.709,2,,0.927,0.333,0.5,66.4
301,326884.2,4695725.4,68.3,3.894,2,61.3,0.973,0.333,0.387,66.4
302,327584.2,4694825.4,34.5,3.908,3,,0.977,0.25,0.5,66.3
303,325584.2,4695575.4,28.6,1.757,0,28.1,0.439,1.0,0.718,66.3
304,325584.2,4696475.4,33.0,3.3,1,,0.825,0.5,0.5,66.3
305,325434.2,4695675.4,24.7,2.417,0,70.2,0.604,1.0,0.298,66.2
306,325034.2,4696175.4,16.7,3.687,2,,0.922,0.333,0.5,66.1
307,327834.2,4693425.4,9.8,4.0,4,,1.0,0.2,0.5,66.0
308,327734.2,4693475.4,10.5,4.0,4,,1.0,0.2,0.5,66.0
309,327434.2,4694975.4,34.8,4.0,4,,1.0,0.2,0.5,66.0
310,327234.2,4695075.4,33.4,4.0,4,,1.0,0.2,0.5,66.0
311,325384.2,4696525.4,29.6,4.0,4,,1.0,0.2,0.5,66.0
312,324434.2,4696775.4,20.2,4.0,4,,1.0,0.2,0.5,66.0
313,324484.2,4696775.4,22.9,4.0,4,,1.0,0.2,0.5,66.0
314,325484.2,4696025.4,25.9,3.996,4,,0.999,0.2,0.5,65.9
315,325284.2,4696525.4,29.7,3.989,4,,0.997,0.2,0.5,65.9
316,328084.2,4693925.4,10.6,3.864,3,,0.966,0.25,0.5,65.8
317,327084.2,4694575.4,39.0,2.632,0,85.4,0.658,1.0,0.146,65.8
318,325784.2,4695325.4,44.8,2.563,0,81.0,0.641,1.0,0.19,65.8
319,326784.2,4695425.4,40.9,3.668,2,,0.917,0.333,0.5,65.8
320,326084.2,4695925.4,41.1,1.803,0,33.5,0.451,1.0,0.665,65.8
321,325584.2,4695925.4,24.9,3.644,2,,0.911,0.333,0.5,65.6
322,325734.2,4695925.4,31.1,3.963,4,,0.991,0.2,0.5,65.5
323,325134.2,4696625.4,45.5,3.963,4,,0.991,0.2,0.5,65.5
324,326484.2,4694525.4,23.5,4.0,2,73.0,1.0,0.333,0.27,65.4
325,326984.2,4695225.4,42.1,3.822,3,,0.955,0.25,0.5,65.3
326,324884.2,4697125.4,55.1,3.623,2,,0.906,0.333,0.5,65.3
327,327984.2,4695975.4,14.1,3.213,1,,0.803,0.5,0.5,65.2
328,328034.2,4693425.4,10.1,3.604,2,,0.901,0.333,0.5,65.1
329,327084.2,4695125.4,48.6,4.0,3,62.2,1.0,0.25,0.378,65.1
330,326984.2,4695525.4,71.8,2.42,0,75.6,0.605,1.0,0.244,65.1
331,326284.2,4694625.4,34.5,2.571,0,85.9,0.643,1.0,0.141,65.0
332,327384.2,4694975.4,32.2,4.0,5,,1.0,0.167,0.5,65.0
333,326134.2,4695175.4,90.3,2.032,0,51.8,0.508,1.0,0.482,65.0
334,326234.2,4695575.4,45.9,3.997,1,99.9,0.999,0.5,0.001,65.0
335,325034.2,4695825.4,25.3,4.0,5,,1.0,0.167,0.5,65.0
336,325534.2,4695975.4,24.7,4.0,5,,1.0,0.167,0.5,65.0
337,325434.2,4696125.4,31.7,3.202,1,,0.8,0.5,0.5,65.0
338,327834.2,4694525.4,30.1,3.913,4,,0.978,0.2,0.5,64.9
339,327634.2,4694825.4,33.5,3.994,5,,0.998,0.167,0.5,64.9
340,327284.2,4695575.4,92.5,3.192,1,,0.798,0.5,0.5,64.9
341,325784.2,4695875.4,31.2,3.795,3,,0.949,0.25,0.5,64.9
342,328134.2,4695875.4,20.8,3.794,3,,0.948,0.25,0.5,64.9
343,328284.2,4693725.4,10.4,3.905,4,,0.976,0.2,0.5,64.8
344,326484.2,4695175.4,88.1,2.499,0,82.2,0.625,1.0,0.178,64.8
345,326334.2,4696125.4,37.9,3.178,1,,0.794,0.5,0.5,64.7
346,326434.2,4695525.4,43.4,2.372,0,75.4,0.593,1.0,0.246,64.6
347,328284.2,4693675.4,10.1,3.558,2,,0.889,0.333,0.5,64.5
348,327084.2,4695425.4,69.2,3.998,2,77.3,1.0,0.333,0.227,64.5
349,328184.2,4695825.4,18.7,3.561,2,,0.89,0.333,0.5,64.5
350,325684.2,4696225.4,50.3,2.468,0,82.0,0.617,1.0,0.18,64.4
351,327434.2,4694925.4,36.4,4.0,6,,1.0,0.143,0.5,64.3
352,325334.2,4696525.4,29.5,4.0,6,,1.0,0.143,0.5,64.3
353,327534.2,4695375.4,40.7,3.14,1,,0.785,0.5,0.5,64.2
354,327684.2,4694875.4,31.0,3.85,4,,0.963,0.2,0.5,64.1
355,326184.2,4695075.4,97.5,1.889,0,47.8,0.472,1.0,0.522,64.1
356,325734.2,4695875.4,28.7,3.527,2,,0.882,0.333,0.5,64.1
357,327684.2,4694775.4,31.4,3.971,6,,0.993,0.143,0.5,63.9
358,325934.2,4694825.4,29.9,1.918,0,50.4,0.48,1.0,0.496,63.9
359,326834.2,4695725.4,61.8,3.88,2,73.2,0.97,0.333,0.268,63.9
360,326834.2,4694925.4,81.0,2.521,0,88.4,0.63,1.0,0.116,63.8
361,326734.2,4694975.4,83.4,2.463,0,85.0,0.616,1.0,0.15,63.8
362,327184.2,4695325.4,58.3,3.895,5,,0.974,0.167,0.5,63.7
363,325684.2,4695925.4,27.8,4.0,7,,1.0,0.125,0.5,63.7
364,326384.2,4696025.4,39.8,2.327,0,77.0,0.582,1.0,0.23,63.7
365,326434.2,4694275.4,15.3,2.065,0,61.1,0.516,1.0,0.389,63.6
366,325934.2,4694925.4,39.0,2.578,0,93.1,0.645,1.0,0.069,63.6
367,326534.2,4695775.4,39.8,3.662,1,85.8,0.916,0.5,0.142,63.6
368,326134.2,4696325.4,38.1,2.086,0,62.5,0.521,1.0,0.375,63.6
369,328084.2,4693425.4,9.9,3.077,1,,0.769,0.5,0.5,63.5
370,327134.2,4695375.4,64.7,3.977,7,,0.994,0.125,0.5,63.5
371,326484.2,4695075.4,103.2,2.456,0,87.1,0.614,1.0,0.129,63.3
372,326184.2,4694825.4,61.0,1.947,0,55.8,0.487,1.0,0.442,63.2
373,325684.2,4694975.4,31.7,2.377,0,82.6,0.594,1.0,0.174,63.2
374,325834.2,4694725.4,27.3,2.477,0,89.5,0.619,1.0,0.105,63.1
375,326434.2,4695125.4,102.8,2.505,0,91.4,0.626,1.0,0.086,63.0
376,327034.2,4695575.4,86.1,2.349,0,82.1,0.587,1.0,0.179,63.0
377,327784.2,4693475.4,9.8,3.889,6,,0.972,0.143,0.5,62.9
378,327784.2,4694775.4,26.8,3.436,2,,0.859,0.333,0.5,62.9
379,327084.2,4695375.4,65.0,3.749,4,,0.937,0.2,0.5,62.9
380,327584.2,4696175.4,26.8,3.032,1,,0.758,0.5,0.5,62.9
381,325384.2,4696725.4,42.3,3.031,1,,0.758,0.5,0.5,62.9
382,326634.2,4694325.4,12.5,2.289,0,79.0,0.572,1.0,0.21,62.8
383,328084.2,4693975.4,13.4,3.019,1,,0.755,0.5,0.5,62.7
384,325484.2,4695675.4,25.9,1.666,0,40.4,0.416,1.0,0.596,62.7
385,328134.2,4695925.4,24.5,3.018,1,,0.755,0.5,0.5,62.7
386,325534.2,4696025.4,28.7,3.414,2,,0.854,0.333,0.5,62.7
387,328034.2,4695925.4,16.0,3.405,2,,0.851,0.333,0.5,62.6
388,326234.2,4695025.4,103.3,1.708,0,44.1,0.427,1.0,0.559,62.5
389,328034.2,4695125.4,13.6,2.997,1,,0.749,0.5,0.5,62.5
390,326784.2,4695725.4,58.9,2.222,0,77.0,0.556,1.0,0.23,62.4
391,328984.2,4694875.4,18.4,3.375,2,,0.844,0.333,0.5,62.2
392,327584.2,4694925.4,32.3,3.578,3,,0.895,0.25,0.5,62.2
393,327434.2,4695025.4,32.8,3.374,2,,0.843,0.333,0.5,62.2
394,326534.2,4695375.4,46.2,4.0,2,89.8,1.0,0.333,0.102,62.0
395,327334.2,4695475.4,70.9,2.959,1,,0.74,0.5,0.5,62.0
396,326684.2,4695875.4,57.5,2.177,0,75.8,0.544,1.0,0.242,62.0
397,325484.2,4696075.4,30.5,3.358,2,,0.839,0.333,0.5,62.0
398,328984.2,4695025.4,11.0,2.955,1,,0.739,0.5,0.5,61.9
399,328134.2,4696175.4,7.9,3.347,2,,0.837,0.333,0.5,61.8
400,327334.2,4695075.4,34.1,3.987,15,,0.997,0.062,0.5,61.7
401,326734.2,4695475.4,39.7,3.733,5,,0.933,0.167,0.5,61.7
402,325784.2,4695925.4,35.0,3.655,4,,0.914,0.2,0.5,61.7
403,327434.2,4695975.4,57.7,2.933,1,,0.733,0.5,0.5,61.7
404,326034.2,4695075.4,66.6,2.081,0,72.3,0.52,1.0,0.277,61.6
405,325534.2,4695625.4,27.1,1.261,0,21.0,0.315,1.0,0.79,61.6
406,326634.2,4695625.4,41.7,2.928,1,,0.732,0.5,0.5,61.6
407,326984.2,4694625.4,49.8,2.312,0,87.6,0.578,1.0,0.124,61.4
408,327984.2,4695775.4,13.3,3.501,3,,0.875,0.25,0.5,61.3
409,327284.2,4695025.4,36.4,3.986,3,81.0,0.997,0.25,0.19,61.1
410,324534.2,4696775.4,32.5,3.288,2,,0.822,0.333,0.5,61.1
411,328234.2,4693675.4,9.1,3.281,2,,0.82,0.333,0.5,61.0
412,326934.2,4694875.4,81.7,2.272,0,87.0,0.568,1.0,0.13,61.0
413,327834.2,4693475.4,10.5,3.66,5,,0.915,0.167,0.5,60.8
414,327684.2,4694725.4,32.4,3.724,6,,0.931,0.143,0.5,60.8
415,328234.2,4693775.4,9.8,3.576,4,,0.894,0.2,0.5,60.7
416,325784.2,4694875.4,31.6,2.106,0,77.9,0.526,1.0,0.221,60.7
417,327384.2,4695425.4,58.9,2.856,1,,0.714,0.5,0.5,60.7
418,325484.2,4695975.4,24.8,3.716,6,,0.929,0.143,0.5,60.7
419,326634.2,4695325.4,53.8,3.322,1,79.6,0.83,0.5,0.204,60.6
420,328534.2,4695325.4,8.6,2.84,1,,0.71,0.5,0.5,60.5
421,325734.2,4694925.4,31.7,2.05,0,75.9,0.512,1.0,0.241,60.4
422,326234.2,4694975.4,97.4,1.259,0,26.6,0.315,1.0,0.733,60.4
423,325684.2,4695025.4,33.5,1.895,0,66.3,0.474,1.0,0.337,60.4
424,326634.2,4695025.4,90.3,1.739,0,57.0,0.435,1.0,0.43,60.3
425,325784.2,4695225.4,43.3,2.233,0,88.0,0.558,1.0,0.12,60.3
426,326834.2,4695675.4,58.8,3.596,2,73.3,0.899,0.333,0.267,60.3
427,328034.2,4696025.4,15.9,2.826,1,,0.707,0.5,0.5,60.3
428,327934.2,4694375.4,27.0,3.536,4,,0.884,0.2,0.5,60.2
429,328934.2,4695025.4,11.9,2.814,1,,0.703,0.5,0.5,60.2
430,326084.2,4695825.4,39.0,2.095,0,80.0,0.524,1.0,0.2,60.2
431,325984.2,4696275.4,43.5,1.976,0,72.3,0.494,1.0,0.277,60.2
432,326734.2,4694825.4,80.6,2.135,0,83.1,0.534,1.0,0.169,60.1
433,328984.2,4694925.4,15.2,3.405,3,,0.851,0.25,0.5,60.1
434,326034.2,4695125.4,64.1,3.898,2,92.9,0.974,0.333,0.071,60.1
435,325234.2,4696825.4,50.4,3.207,2,,0.802,0.333,0.5,60.1
436,327634.2,4694775.4,35.7,3.7,7,,0.925,0.125,0.5,60.0
437,327934.2,4694325.4,30.8,3.514,4,,0.879,0.2,0.5,59.9
438,326934.2,4695725.4,80.4,2.043,0,78.2,0.511,1.0,0.218,59.9
439,327334.2,4694975.4,43.6,3.503,4,,0.876,0.2,0.5,59.8
440,328284.2,4696125.4,13.2,2.782,1,,0.696,0.5,0.5,59.8
441,325184.2,4696475.4,29.3,3.186,2,,0.796,0.333,0.5,59.8
442,325934.2,4696525.4,36.5,1.961,0,73.6,0.49,1.0,0.264,59.8
443,327634.2,4694925.4,31.8,3.173,2,,0.793,0.333,0.5,59.7
444,327234.2,4695275.4,51.0,3.376,3,,0.844,0.25,0.5,59.7
445,325584.2,4695425.4,31.5,2.221,0,90.1,0.555,1.0,0.099,59.7
446,326434.2,4695825.4,40.6,1.713,0,58.5,0.428,1.0,0.415,59.7
447,325984.2,4695275.4,60.1,2.112,0,84.3,0.528,1.0,0.157,59.5
448,326684.2,4695475.4,38.3,3.362,3,,0.841,0.25,0.5,59.5
449,326734.2,4695875.4,61.3,2.153,0,87.0,0.538,1.0,0.13,59.5
450,328084.2,4693875.4,9.5,3.149,2,,0.787,0.333,0.5,59.4
451,326234.2,4695375.4,78.0,1.905,0,71.9,0.476,1.0,0.281,59.4
452,325784.2,4695075.4,40.0,1.433,0,43.0,0.358,1.0,0.57,59.3
453,327684.2,4695575.4,46.8,2.734,1,,0.683,0.5,0.5,59.2
454,328084.2,4695875.4,18.5,3.135,2,,0.784,0.333,0.5,59.2
455,327884.2,4693475.4,10.8,3.127,2,,0.782,0.333,0.5,59.1
456,326084.2,4694625.4,21.9,1.949,0,76.5,0.487,1.0,0.235,59.1
457,326534.2,4694725.4,77.5,1.121,0,24.7,0.28,1.0,0.753,59.1
458,326284.2,4694975.4,105.8,1.539,0,50.8,0.385,1.0,0.492,59.1
459,325984.2,4694775.4,27.3,1.922,0,75.0,0.481,1.0,0.25,59.0
460,327184.2,4695025.4,62.2,1.833,0,69.7,0.458,1.0,0.303,59.0
461,325834.2,4696775.4,29.1,3.124,2,,0.781,0.333,0.5,59.0
462,326184.2,4694475.4,14.3,2.237,0,96.3,0.559,1.0,0.037,58.7
463,327334.2,4695025.4,35.2,3.971,4,84.5,0.993,0.2,0.155,58.7
464,325684.2,4695975.4,34.0,3.553,6,,0.888,0.143,0.5,58.7
465,327534.2,4693525.4,9.8,3.086,2,,0.771,0.333,0.5,58.6
466,327834.2,4695175.4,23.5,3.08,2,,0.77,0.333,0.5,58.5
467,328034.2,4693925.4,10.6,3.386,4,,0.846,0.2,0.5,58.3
468,326534.2,4694375.4,14.7,1.682,0,63.5,0.42,1.0,0.365,58.3
469,328284.2,4693625.4,9.7,3.058,2,,0.764,0.333,0.5,58.2
470,328334.2,4693625.4,10.9,3.057,2,,0.764,0.333,0.5,58.2
471,326434.2,4695225.4,84.1,1.971,0,82.0,0.493,1.0,0.18,58.2
472,328184.2,4695875.4,25.2,2.653,1,,0.663,0.5,0.5,58.2
473,326484.2,4695325.4,56.3,4.0,5,84.5,1.0,0.167,0.155,58.1
474,327734.2,4695325.4,26.4,3.049,2,,0.762,0.333,0.5,58.1
475,328334.2,4695775.4,12.2,3.368,4,,0.842,0.2,0.5,58.1
476,328334.2,4693575.4,10.3,3.028,2,,0.757,0.333,0.5,57.9
477,327584.2,4693525.4,9.5,3.022,2,,0.755,0.333,0.5,57.8
478,325884.2,4696875.4,32.6,2.621,1,,0.655,0.5,0.5,57.8
479,328984.2,4694825.4,21.5,3.019,2,,0.755,0.333,0.5,57.7
480,326034.2,4694975.4,58.5,1.087,0,29.3,0.272,1.0,0.707,57.7
481,327734.2,4695525.4,36.5,2.616,1,,0.654,0.5,0.5,57.7
482,328134.2,4695075.4,14.2,2.604,1,,0.651,0.5,0.5,57.6
483,326284.2,4695375.4,73.3,1.68,0,67.3,0.42,1.0,0.327,57.5
484,328184.2,4693825.4,9.8,3.312,4,,0.828,0.2,0.5,57.4
485,326284.2,4694475.4,16.0,1.901,0,81.9,0.475,1.0,0.181,57.4
486,326034.2,4695475.4,59.4,1.462,0,54.6,0.366,1.0,0.454,57.4
487,325484.2,4695625.4,26.8,1.625,0,64.7,0.406,1.0,0.353,57.4
488,326234.2,4695625.4,43.5,3.631,6,61.1,0.908,0.143,0.389,57.4
489,326634.2,4694625.4,56.7,1.594,0,63.3,0.398,1.0,0.367,57.3
490,327584.2,4695275.4,32.8,2.98,2,,0.745,0.333,0.5,57.3
491,326434.2,4696025.4,42.2,1.774,0,74.7,0.443,1.0,0.253,57.2
492,325484.2,4696475.4,33.6,3.176,3,,0.794,0.25,0.5,57.2
493,324684.2,4697275.4,22.8,3.51,8,,0.877,0.111,0.5,57.2
494,326684.2,4694375.4,15.4,1.724,0,72.2,0.431,1.0,0.278,57.1
495,327384.2,4695075.4,32.3,3.551,10,,0.888,0.091,0.5,57.1
496,325984.2,4695175.4,62.1,1.158,0,37.0,0.289,1.0,0.63,57.1
497,326184.2,4694425.4,15.0,1.855,0,81.1,0.464,1.0,0.189,57.0
498,327434.2,4695075.4,31.0,2.957,2,,0.739,0.333,0.5,57.0
499,328134.2,4695825.4,18.4,2.56,1,,0.64,0.5,0.5,57.0
500,327984.2,4693625.4,7.2,2.555,1,,0.639,0.5,0.5,56.9
501,326234.2,4694625.4,32.2,1.745,0,75.2,0.436,1.0,0.248,56.8
502,326934.2,4695225.4,49.2,3.611,4,71.6,0.903,0.2,0.284,56.8
503,326784.2,4695875.4,65.5,2.013,0,92.3,0.503,1.0,0.077,56.7
504,325734.2,4696525.4,31.6,2.933,2,,0.733,0.333,0.5,56.7
505,327584.2,4694975.4,30.6,2.525,1,,0.631,0.5,0.5,56.6
506,327784.2,4694575.4,36.7,3.121,3,,0.78,0.25,0.5,56.5
507,327334.2,4695125.4,33.9,3.42,7,,0.855,0.125,0.5,56.5
508,325784.2,4695175.4,42.4,1.952,0,89.7,0.488,1.0,0.103,56.5
509,327884.2,4695225.4,17.1,2.92,2,,0.73,0.333,0.5,56.5
510,326284.2,4695325.4,83.4,1.922,0,87.6,0.481,1.0,0.124,56.5
511,326684.2,4695925.4,57.8,1.977,0,91.0,0.494,1.0,0.09,56.5
512,327884.2,4696075.4,10.5,2.512,1,,0.628,0.5,0.5,56.4
513,326984.2,4695575.4,75.6,3.117,1,88.4,0.779,0.5,0.116,56.3
514,327084.2,4695475.4,78.1,3.013,1,82.9,0.753,0.5,0.171,56.1
515,328384.2,4693575.4,11.7,2.854,2,,0.713,0.333,0.5,55.7
516,326284.2,4695475.4,54.6,3.142,1,93.0,0.785,0.5,0.07,55.7
517,326784.2,4695675.4,56.9,1.607,0,72.1,0.402,1.0,0.279,55.7
518,328434.2,4695875.4,11.6,2.458,1,,0.614,0.5,0.5,55.7
519,328584.2,4695325.4,8.5,2.44,1,,0.61,0.5,0.5,55.5
520,326784.2,4695575.4,51.8,1.374,0,58.2,0.343,1.0,0.418,55.5
521,327634.2,4695375.4,34.8,2.834,2,,0.709,0.333,0.5,55.4
522,325234.2,4695625.4,25.7,2.43,1,,0.607,0.5,0.5,55.4
523,326734.2,4694425.4,20.3,1.754,0,83.0,0.439,1.0,0.17,55.3
524,326934.2,4694725.4,64.1,1.892,0,91.8,0.473,1.0,0.082,55.3
525,325534.2,4696625.4,28.9,2.426,1,,0.606,0.5,0.5,55.3
526,325634.2,4695375.4,33.9,1.859,0,90.0,0.465,1.0,0.1,55.2
527,327334.2,4695525.4,79.2,2.415,1,,0.604,0.5,0.5,55.2
528,325134.2,4696475.4,32.0,2.798,2,,0.699,0.333,0.5,55.0
529,325534.2,4696575.4,28.8,2.398,1,,0.6,0.5,0.5,55.0
530,328234.2,4693725.4,10.0,2.79,2,,0.698,0.333,0.5,54.9
531,325884.2,4694725.4,25.8,1.791,0,87.5,0.448,1.0,0.125,54.9
532,327784.2,4694875.4,30.2,2.796,2,,0.699,0.333,0.5,54.9
533,325084.2,4695825.4,24.7,2.984,3,,0.746,0.25,0.5,54.8
534,326534.2,4695825.4,45.8,1.653,0,79.5,0.413,1.0,0.205,54.8
535,328534.2,4695375.4,7.7,2.378,1,,0.594,0.5,0.5,54.7
536,325934.2,4696175.4,46.5,1.192,0,52.7,0.298,1.0,0.473,54.4
537,327034.2,4694575.4,41.9,1.828,0,92.7,0.457,1.0,0.073,54.3
538,327934.2,4696075.4,9.1,2.337,1,,0.584,0.5,0.5,54.2
539,326434.2,4694775.4,83.9,0.86,0,33.0,0.215,1.0,0.67,54.1
540,327434.2,4695375.4,48.5,3.127,5,,0.782,0.167,0.5,54.1
541,326634.2,4694275.4,12.1,1.628,0,81.8,0.407,1.0,0.182,54.0
542,326584.2,4694675.4,68.0,1.151,0,52.0,0.288,1.0,0.48,54.0
543,328684.2,4695225.4,9.9,2.323,1,,0.581,0.5,0.5,54.0
544,328234.2,4695775.4,15.3,2.717,2,,0.679,0.333,0.5,54.0
545,325884.2,4696925.4,33.4,2.319,1,,0.58,0.5,0.5,54.0
546,327634.2,4695275.4,30.7,2.907,3,,0.727,0.25,0.5,53.8
547,325684.2,4695875.4,27.3,2.705,2,,0.676,0.333,0.5,53.8
548,327084.2,4694525.4,35.1,1.7,0,88.0,0.425,1.0,0.12,53.7
549,325884.2,4694925.4,38.3,1.177,0,55.2,0.294,1.0,0.448,53.7
550,326434.2,4694475.4,20.4,1.572,0,80.6,0.393,1.0,0.194,53.5
551,326384.2,4696125.4,42.5,1.591,0,82.1,0.398,1.0,0.179,53.5
552,327034.2,4695075.4,74.2,1.312,0,64.9,0.328,1.0,0.351,53.4
553,325834.2,4695175.4,48.9,1.007,0,46.1,0.252,1.0,0.539,53.4
554,327984.2,4695175.4,13.9,2.268,1,,0.567,0.5,0.5,53.4
555,326434.2,4695325.4,61.7,3.624,6,81.0,0.906,0.143,0.19,53.4
556,325834.2,4695925.4,38.9,2.871,3,,0.718,0.25,0.5,53.4
557,325784.2,4696175.4,51.6,1.686,0,89.0,0.422,1.0,0.11,53.3
558,325734.2,4696275.4,55.7,1.322,0,66.3,0.331,1.0,0.337,53.3
559,326684.2,4694425.4,18.9,1.561,0,81.6,0.39,1.0,0.184,53.2
560,325334.2,4696475.4,30.4,3.109,6,,0.777,0.143,0.5,53.2
561,325834.2,4696525.4,35.9,1.384,0,70.4,0.346,1.0,0.296,53.2
562,325534.2,4695925.4,26.1,2.241,1,,0.56,0.5,0.5,53.0
563,326934.2,4695175.4,63.0,2.225,1,49.7,0.556,0.5,0.503,52.9
564,326934.2,4695275.4,48.1,2.833,3,,0.708,0.25,0.5,52.9
565,327134.2,4695325.4,60.9,3.024,5,,0.756,0.167,0.5,52.8
566,328084.2,4694025.4,16.0,2.214,1,,0.554,0.5,0.5,52.7
567,326684.2,4694275.4,12.6,1.575,0,84.9,0.394,1.0,0.151,52.7
568,327734.2,4694875.4,30.9,2.817,3,,0.704,0.25,0.5,52.7
569,326334.2,4695225.4,99.9,1.106,0,55.5,0.277,1.0,0.445,52.7
570,327034.2,4695225.4,53.7,2.213,1,,0.553,0.5,0.5,52.7
571,326334.2,4695375.4,65.4,2.71,1,80.9,0.677,0.5,0.191,52.7
572,326334.2,4695425.4,56.4,3.264,4,70.3,0.816,0.2,0.297,52.7
573,326834.2,4695625.4,57.1,2.873,2,66.6,0.718,0.333,0.334,52.6
574,328284.2,4693575.4,10.1,2.603,2,,0.651,0.333,0.5,52.5
575,326534.2,4695175.4,85.4,1.175,0,60.7,0.294,1.0,0.393,52.5
576,325634.2,4696575.4,28.2,2.202,1,,0.551,0.5,0.5,52.5
577,326334.2,4695325.4,76.7,1.393,0,75.0,0.348,1.0,0.25,52.4
578,326384.2,4695375.4,58.3,3.447,4,84.5,0.862,0.2,0.155,52.2
579,326684.2,4695525.4,40.3,3.036,6,,0.759,0.143,0.5,52.2
580,328934.2,4695125.4,9.0,2.167,1,,0.542,0.5,0.5,52.1
581,327384.2,4695175.4,36.1,2.571,2,,0.643,0.333,0.5,52.1
582,327734.2,4695575.4,39.7,2.769,3,,0.692,0.25,0.5,52.1
583,326134.2,4695625.4,46.1,1.718,0,96.8,0.429,1.0,0.032,52.1
584,327134.2,4695025.4,71.9,1.292,0,70.5,0.323,1.0,0.295,52.0
585,326534.2,4695325.4,55.0,3.536,5,85.8,0.884,0.167,0.142,52.0
586,327934.2,4693475.4,10.3,2.868,4,,0.717,0.2,0.5,51.9
587,325784.2,4694825.4,31.1,1.505,0,84.6,0.376,1.0,0.154,51.9
588,325434.2,4696675.4,36.7,2.148,1,,0.537,0.5,0.5,51.9
589,325834.2,4696875.4,33.8,2.153,1,,0.538,0.5,0.5,51.9
590,326234.2,4694425.4,14.9,1.315,0,73.3,0.329,1.0,0.267,51.8
591,327484.2,4696225.4,33.9,2.732,3,,0.683,0.25,0.5,51.7
592,328234.2,4696175.4,9.8,2.517,2,,0.629,0.333,0.5,51.5
593,326184.2,4695575.4,48.5,3.199,2,93.0,0.8,0.333,0.07,51.4
594,326984.2,4695675.4,88.1,1.106,0,62.0,0.276,1.0,0.38,51.4
595,326184.2,4695875.4,39.5,1.343,0,76.9,0.336,1.0,0.231,51.4
596,325884.2,4694875.4,34.6,0.878,0,48.4,0.22,1.0,0.516,51.3
597,325984.2,4696125.4,45.0,1.439,0,83.6,0.36,1.0,0.164,51.3
598,328234.2,4693825.4,12.3,2.697,3,,0.674,0.25,0.5,51.2
599,328934.2,4695075.4,10.3,2.097,1,,0.524,0.5,0.5,51.2
600,327184.2,4695275.4,54.6,2.1,1,,0.525,0.5,0.5,51.2
601,326584.2,4695925.4,51.2,1.005,0,56.8,0.251,1.0,0.432,51.2
602,327184.2,4694775.4,77.2,1.514,0,89.2,0.379,1.0,0.108,51.1
603,327484.2,4695025.4,30.5,2.885,5,,0.721,0.167,0.5,51.1
604,326634.2,4695525.4,44.1,1.405,0,82.7,0.351,1.0,0.173,51.0
605,326084.2,4695575.4,52.0,1.352,0,79.7,0.338,1.0,0.203,51.0
606,327684.2,4693525.4,8.8,2.971,7,,0.743,0.125,0.5,50.9
607,325784.2,4695425.4,46.5,1.044,0,60.8,0.261,1.0,0.393,50.9
608,324484.2,4696825.4,29.1,2.792,4,,0.698,0.2,0.5,50.9
609,326584.2,4694425.4,17.5,1.251,0,74.0,0.313,1.0,0.26,50.8
610,325684.2,4695575.4,34.8,1.278,0,76.1,0.32,1.0,0.239,50.8
611,325334.2,4696175.4,31.1,2.46,2,,0.615,0.333,0.5,50.8
612,327684.2,4694825.4,33.5,2.778,4,,0.694,0.2,0.5,50.7
613,326184.2,4695125.4,103.5,1.132,0,67.2,0.283,1.0,0.328,50.7
614,326584.2,4695325.4,55.0,3.124,2,91.7,0.781,0.333,0.083,50.7
615,326884.2,4695775.4,73.6,2.902,2,78.1,0.726,0.333,0.219,50.7
616,325734.2,4696375.4,46.7,2.455,2,,0.614,0.333,0.5,50.7
617,328084.2,4694075.4,17.4,2.451,2,,0.613,0.333,0.5,50.6
618,327734.2,4694825.4,29.9,2.772,4,,0.693,0.2,0.5,50.6
619,326534.2,4695575.4,44.8,0.689,0,40.0,0.172,1.0,0.6,50.6
620,326384.2,4694775.4,80.8,0.653,0,38.3,0.163,1.0,0.617,50.5
621,326284.2,4694925.4,97.6,1.446,0,88.1,0.362,1.0,0.119,50.5
622,325734.2,4696425.4,41.4,2.888,6,,0.722,0.143,0.5,50.4
623,327734.2,4695275.4,26.8,2.428,2,,0.607,0.333,0.5,50.3
624,327834.2,4694725.4,26.5,2.61,3,,0.653,0.25,0.5,50.1
625,327384.2,4695125.4,33.2,2.811,5,,0.703,0.167,0.5,50.1
626,325734.2,4696475.4,36.3,2.806,5,,0.701,0.167,0.5,50.1
627,327684.2,4694925.4,33.2,1.997,1,,0.499,0.5,0.5,50.0
628,325734.2,4694975.4,34.7,1.369,0,85.5,0.342,1.0,0.145,50.0
629,326384.2,4695275.4,80.6,1.224,0,76.5,0.306,1.0,0.235,50.0
630,327484.2,4695375.4,44.7,2.797,5,,0.699,0.167,0.5,50.0
631,326834.2,4695575.4,56.6,1.009,0,62.9,0.252,1.0,0.371,50.0
632,324684.2,4697225.4,29.3,2.934,8,,0.733,0.111,0.5,50.0
633,327284.2,4695175.4,38.9,2.713,4,,0.678,0.2,0.5,49.9
634,326084.2,4695425.4,66.7,1.392,0,87.5,0.348,1.0,0.125,49.9
635,325234.2,4695875.4,22.1,1.991,1,,0.498,0.5,0.5,49.9
636,326084.2,4694675.4,27.0,1.109,0,70.4,0.277,1.0,0.296,49.8
637,328384.2,4695225.4,13.3,1.984,1,,0.496,0.5,0.5,49.8
638,326034.2,4695825.4,39.2,2.095,2,32.5,0.524,0.333,0.675,49.7
639,325234.2,4696875.4,55.2,2.378,2,,0.594,0.333,0.5,49.7
640,325434.2,4696025.4,26.8,2.557,3,,0.639,0.25,0.5,49.5
641,325984.2,4696475.4,39.0,1.127,0,73.1,0.282,1.0,0.269,49.5
642,326584.2,4694925.4,102.3,0.563,0,38.4,0.141,1.0,0.616,49.4
643,327334.2,4695175.4,37.3,2.354,2,,0.588,0.333,0.5,49.4
644,325784.2,4695525.4,44.1,0.934,0,61.4,0.234,1.0,0.386,49.4
645,328134.2,4693825.4,9.9,1.944,1,,0.486,0.5,0.5,49.3
646,328584.2,4695375.4,7.7,1.945,1,,0.486,0.5,0.5,49.3
647,327034.2,4695425.4,69.1,2.277,1,70.9,0.569,0.5,0.291,49.3
648,327534.2,4695475.4,53.6,1.943,1,,0.486,0.5,0.5,49.3
649,328234.2,4695825.4,21.6,2.348,2,,0.587,0.333,0.5,49.3
650,327434.2,4696125.4,50.1,2.337,2,,0.584,0.333,0.5,49.2
651,326634.2,4694425.4,18.1,1.213,0,80.4,0.303,1.0,0.196,49.1
652,327234.2,4694975.4,69.8,1.098,0,73.1,0.274,1.0,0.269,49.1
653,327984.2,4696025.4,12.5,2.527,3,,0.632,0.25,0.5,49.1
654,328184.2,4693725.4,9.3,2.309,2,,0.577,0.333,0.5,48.9
655,325434.2,4696475.4,33.9,2.629,4,,0.657,0.2,0.5,48.9
656,325784.2,4695775.4,33.1,2.504,3,,0.626,0.25,0.5,48.8
657,326884.2,4695825.4,76.3,3.042,4,76.0,0.76,0.2,0.24,48.8
658,326584.2,4695975.4,50.4,1.383,0,92.4,0.346,1.0,0.076,48.8
659,325684.2,4696525.4,31.0,2.307,2,,0.577,0.333,0.5,48.8
660,326184.2,4696025.4,43.3,0.286,0,24.2,0.072,1.0,0.758,48.7
661,325884.2,4696525.4,37.8,0.931,0,64.5,0.233,1.0,0.355,48.7
662,328984.2,4695075.4,9.9,1.888,1,,0.472,0.5,0.5,48.6
663,326584.2,4695725.4,44.1,2.831,6,55.4,0.708,0.143,0.446,48.6
664,325934.2,4696075.4,46.8,1.137,0,78.0,0.284,1.0,0.22,48.6
665,327034.2,4695375.4,67.7,0.63,0,47.0,0.157,1.0,0.53,48.5
666,327934.2,4696025.4,11.7,2.477,3,,0.619,0.25,0.5,48.5
667,326384.2,4694625.4,44.1,0.803,0,58.0,0.201,1.0,0.42,48.4
668,326484.2,4694775.4,88.6,0.351,0,29.7,0.088,1.0,0.703,48.4
669,327634.2,4693525.4,10.1,2.267,2,,0.567,0.333,0.5,48.3
670,328334.2,4695725.4,9.8,2.581,4,,0.645,0.2,0.5,48.3
671,324684.2,4697175.4,35.9,2.463,3,,0.616,0.25,0.5,48.3
672,325584.2,4695625.4,28.8,0.552,0,43.5,0.138,1.0,0.565,48.2
673,325984.2,4696225.4,44.4,1.262,0,87.7,0.315,1.0,0.123,48.2
674,326084.2,4696325.4,40.2,0.928,0,66.7,0.232,1.0,0.333,48.2
675,326434.2,4695575.4,43.7,1.85,1,,0.463,0.5,0.5,48.1
676,328434.2,4695925.4,12.5,1.849,1,,0.462,0.5,0.5,48.1
677,326884.2,4694925.4,85.9,1.254,0,88.5,0.313,1.0,0.115,48.0
678,325634.2,4695475.4,33.1,1.388,0,96.8,0.347,1.0,0.032,48.0
679,327084.2,4695175.4,44.4,3.266,6,86.0,0.816,0.143,0.14,47.9
680,328284.2,4695775.4,14.5,2.551,4,,0.638,0.2,0.5,47.9
681,325834.2,4695875.4,35.4,2.893,3,79.0,0.723,0.25,0.21,47.9
682,327084.2,4695525.4,89.5,1.011,0,74.4,0.253,1.0,0.256,47.8
683,325934.2,4695775.4,38.7,2.407,3,,0.602,0.25,0.5,47.6
684,327184.2,4695175.4,47.2,1.803,1,,0.451,0.5,0.5,47.5
685,325734.2,4695375.4,42.9,0.842,0,64.9,0.21,1.0,0.351,47.5
686,326034.2,4696425.4,38.3,1.797,1,,0.449,0.5,0.5,47.5
687,326034.2,4694675.4,23.9,1.125,0,83.2,0.281,1.0,0.168,47.4
688,327934.2,4694475.4,28.7,2.186,2,,0.546,0.333,0.5,47.3
689,328934.2,4694975.4,16.6,1.786,1,,0.447,0.5,0.5,47.3
690,326084.2,4696075.4,44.3,0.777,0,61.9,0.194,1.0,0.381,47.3
691,325634.2,4696475.4,34.4,1.782,1,,0.446,0.5,0.5,47.3
692,326284.2,4695025.4,118.1,0.191,0,25.7,0.048,1.0,0.743,47.2
693,326734.2,4695825.4,59.7,2.223,1,78.5,0.556,0.5,0.215,47.1
694,325034.2,4695875.4,26.7,2.62,6,,0.655,0.143,0.5,47.0
695,325984.2,4695475.4,56.4,1.249,0,94.0,0.312,1.0,0.06,46.8
696,326034.2,4696125.4,44.4,1.131,0,86.8,0.283,1.0,0.132,46.8
697,326534.2,4695125.4,92.1,1.259,0,95.3,0.315,1.0,0.047,46.7
698,325984.2,4696325.4,44.0,0.972,0,77.5,0.243,1.0,0.225,46.7
699,326434.2,4694675.4,58.6,0.528,0,50.0,0.132,1.0,0.5,46.6
700,325834.2,4694775.4,29.3,1.105,0,86.3,0.276,1.0,0.137,46.6
701,327384.2,4694925.4,55.2,2.63,7,,0.658,0.125,0.5,46.6
702,326984.2,4694425.4,29.1,0.27,0,34.2,0.067,1.0,0.658,46.5
703,327134.2,4695425.4,74.2,2.324,3,,0.581,0.25,0.5,46.5
704,327034.2,4694475.4,33.6,0.467,0,47.3,0.117,1.0,0.527,46.4
705,328184.2,4694825.4,23.1,1.71,1,,0.428,0.5,0.5,46.4
706,325984.2,4695225.4,61.8,1.241,0,95.6,0.31,1.0,0.044,46.4
707,326384.2,4694875.4,108.2,0.0,0,19.0,0.0,1.0,0.81,46.2
708,326134.2,4694725.4,38.2,0.708,0,63.8,0.177,1.0,0.362,46.1
709,325784.2,4695125.4,42.3,0.673,0,61.3,0.168,1.0,0.387,46.1
710,326584.2,4695425.4,44.6,2.001,1,69.6,0.5,0.5,0.304,46.1
711,327384.2,4696125.4,53.9,1.69,1,,0.422,0.5,0.5,46.1
712,327484.2,4693725.4,10.0,1.678,1,,0.419,0.5,0.5,46.0
713,325434.2,4695975.4,25.7,2.398,4,,0.6,0.2,0.5,46.0
714,328434.2,4695975.4,11.8,2.077,2,,0.519,0.333,0.5,46.0
715,328334.2,4696075.4,16.5,2.08,2,,0.52,0.333,0.5,46.0
716,328184.2,4693775.4,9.5,2.469,5,,0.617,0.167,0.5,45.9
717,328284.2,4693775.4,13.7,2.063,2,,0.516,0.333,0.5,45.8
718,327434.2,4696025.4,56.4,1.664,1,,0.416,0.5,0.5,45.8
719,326784.2,4694575.4,52.0,0.606,0,59.5,0.151,1.0,0.405,45.7
720,328084.2,4696025.4,22.3,2.059,2,,0.515,0.333,0.5,45.7
721,324434.2,4696825.4,25.9,2.375,4,,0.594,0.2,0.5,45.7
722,327834.2,4694475.4,39.6,2.364,4,,0.591,0.2,0.5,45.6
723,325984.2,4695525.4,54.4,0.637,0,61.9,0.159,1.0,0.381,45.6
724,327384.2,4696075.4,57.1,2.246,3,,0.561,0.25,0.5,45.6
725,327034.2,4694775.4,69.9,0.991,0,84.4,0.248,1.0,0.156,45.5
726,326134.2,4696125.4,44.2,0.856,0,76.2,0.214,1.0,0.238,45.5
727,326684.2,4694325.4,14.5,0.951,0,83.1,0.238,1.0,0.169,45.3
728,326434.2,4696075.4,44.1,0.916,0,81.0,0.229,1.0,0.19,45.3
729,328084.2,4695125.4,13.6,1.616,1,,0.404,0.5,0.5,45.2
730,328434.2,4695825.4,11.3,1.618,1,,0.405,0.5,0.5,45.2
731,328284.2,4696175.4,7.6,2.016,2,,0.504,0.333,0.5,45.2
732,325384.2,4696475.4,33.3,2.418,5,,0.605,0.167,0.5,45.2
733,326634.2,4694675.4,70.1,0.616,0,63.3,0.154,1.0,0.367,45.1
734,326334.2,4694925.4,107.4,0.509,0,56.2,0.127,1.0,0.438,45.1
735,326684.2,4695025.4,87.6,0.946,0,83.7,0.237,1.0,0.163,45.1
736,326284.2,4695625.4,44.4,2.364,2,72.2,0.591,0.333,0.278,45.1
737,326184.2,4696075.4,44.8,0.047,0,27.4,0.012,1.0,0.726,45.1
738,328884.2,4695125.4,9.5,1.6,1,,0.4,0.5,0.5,45.0
739,326534.2,4695875.4,47.6,0.531,0,58.0,0.133,1.0,0.42,45.0
740,325884.2,4696275.4,52.4,0.617,0,63.7,0.154,1.0,0.363,45.0
741,327534.2,4695025.4,29.9,1.99,2,,0.497,0.333,0.5,44.9
742,327484.2,4695075.4,30.3,2.314,4,,0.579,0.2,0.5,44.9
743,325434.2,4696725.4,40.5,1.591,1,,0.398,0.5,0.5,44.9
744,328184.2,4696175.4,11.6,1.986,2,,0.496,0.333,0.5,44.8
745,325884.2,4696325.4,52.6,1.054,0,91.9,0.264,1.0,0.081,44.8
746,326034.2,4694725.4,27.6,0.815,0,77.6,0.204,1.0,0.224,44.7
747,327084.2,4694775.4,71.3,1.132,0,97.5,0.283,1.0,0.025,44.7
748,326984.2,4695625.4,81.9,2.132,1,85.5,0.533,0.5,0.145,44.6
749,326684.2,4695825.4,58.9,0.584,0,63.5,0.146,1.0,0.365,44.6
750,326184.2,4696125.4,45.9,0.0,0,27.1,0.0,1.0,0.729,44.6
751,325934.2,4696225.4,47.8,0.655,0,68.1,0.164,1.0,0.319,44.6
752,326084.2,4694725.4,32.2,0.854,0,80.8,0.214,1.0,0.192,44.5
753,325934.2,4695375.4,62.8,0.0,0,27.4,0.0,1.0,0.727,44.5
754,326384.2,4695525.4,48.0,0.565,0,63.5,0.141,1.0,0.365,44.4
755,324634.2,4696925.4,49.9,1.55,1,,0.387,0.5,0.5,44.4
756,326234.2,4695875.4,40.3,0.858,0,82.3,0.214,1.0,0.177,44.3
757,326734.2,4695925.4,62.4,0.871,0,82.7,0.218,1.0,0.173,44.3
758,327934.2,4695225.4,15.4,1.537,1,,0.384,0.5,0.5,44.2
759,325884.2,4695825.4,36.7,2.682,4,76.7,0.67,0.2,0.233,44.2
760,328034.2,4696125.4,10.5,1.929,2,,0.482,0.333,0.5,44.1
761,328184.2,4693675.4,11.1,1.517,1,,0.379,0.5,0.5,44.0
762,327584.2,4695125.4,31.2,1.518,1,,0.379,0.5,0.5,44.0
763,326284.2,4696275.4,38.7,2.106,1,86.6,0.527,0.5,0.134,44.0
764,326534.2,4694875.4,115.1,0.0,0,30.4,0.0,1.0,0.696,43.9
765,327234.2,4694875.4,97.8,0.0,0,30.5,0.0,1.0,0.695,43.9
766,326584.2,4694725.4,85.8,0.0,0,30.9,0.0,1.0,0.691,43.8
767,326584.2,4694875.4,106.8,0.0,0,30.8,0.0,1.0,0.692,43.8
768,324984.2,4697075.4,69.1,1.908,2,,0.477,0.333,0.5,43.8
769,324884.2,4697175.4,56.7,1.904,2,,0.476,0.333,0.5,43.8
770,327284.2,4694925.4,83.5,0.0,0,31.5,0.0,1.0,0.685,43.7
771,324534.2,4696825.4,35.4,2.217,4,,0.554,0.2,0.5,43.7
772,326234.2,4695075.4,112.6,0.464,0,60.9,0.116,1.0,0.391,43.6
773,327384.2,4696025.4,60.9,1.888,2,,0.472,0.333,0.5,43.6
774,326134.2,4694875.4,61.8,0.681,0,74.9,0.17,1.0,0.251,43.5
775,326784.2,4694975.4,84.3,0.948,0,91.6,0.237,1.0,0.084,43.5
776,327534.2,4695075.4,30.0,1.879,2,,0.47,0.333,0.5,43.5
777,328034.2,4695775.4,13.9,2.079,3,,0.52,0.25,0.5,43.5
778,327784.2,4693525.4,9.9,1.474,1,,0.368,0.5,0.5,43.4
779,326034.2,4695775.4,38.8,2.636,4,78.2,0.659,0.2,0.218,43.3
780,325684.2,4695375.4,38.3,0.898,0,90.0,0.225,1.0,0.1,43.2
781,325884.2,4695775.4,38.7,1.459,1,,0.365,0.5,0.5,43.2
782,328384.2,4696125.4,6.9,1.853,2,,0.463,0.333,0.5,43.2
783,327834.2,4695125.4,30.9,1.448,1,,0.362,0.5,0.5,43.1
784,326234.2,4695675.4,42.2,2.643,7,68.4,0.661,0.125,0.316,43.1
785,326084.2,4696125.4,44.3,0.809,0,84.9,0.202,1.0,0.151,43.1
786,325784.2,4694775.4,31.5,0.765,0,83.1,0.191,1.0,0.169,43.0
787,325884.2,4696225.4,51.2,0.338,0,56.2,0.084,1.0,0.438,43.0
788,326284.2,4695125.4,130.0,0.0,0,35.4,0.0,1.0,0.646,42.9
789,326084.2,4695725.4,41.0,1.435,1,,0.359,0.5,0.5,42.9
790,325134.2,4696375.4,27.9,1.834,2,,0.459,0.333,0.5,42.9
791,325984.2,4694725.4,25.5,0.752,0,83.2,0.188,1.0,0.168,42.8
792,327184.2,4695375.4,68.2,1.825,2,,0.456,0.333,0.5,42.8
793,327734.2,4693525.4,9.4,2.216,5,,0.554,0.167,0.5,42.7
794,327784.2,4694825.4,28.6,2.007,3,,0.502,0.25,0.5,42.6
795,325784.2,4694975.4,38.7,0.403,0,62.2,0.101,1.0,0.378,42.6
796,326284.2,4695575.4,47.0,2.183,2,73.3,0.546,0.333,0.267,42.6
797,326634.2,4695925.4,55.6,0.551,0,71.5,0.138,1.0,0.285,42.6
798,325634.2,4696525.4,31.2,1.41,1,,0.353,0.5,0.5,42.6
799,324734.2,4697125.4,47.3,1.407,1,,0.352,0.5,0.5,42.6
800,328284.2,4695425.4,7.8,1.797,2,,0.449,0.333,0.5,42.5
801,327784.2,4695575.4,34.7,1.389,1,,0.347,0.5,0.5,42.4
802,328484.2,4695575.4,7.7,1.39,1,,0.348,0.5,0.5,42.4
803,328284.2,4695725.4,10.9,2.292,7,,0.573,0.125,0.5,42.4
804,325884.2,4695875.4,38.5,2.285,3,68.5,0.571,0.25,0.315,42.4
805,326034.2,4695525.4,57.0,0.344,0,60.2,0.086,1.0,0.398,42.3
806,325434.2,4696075.4,29.6,1.986,3,,0.497,0.25,0.5,42.3
807,328334.2,4696125.4,10.5,1.984,3,,0.496,0.25,0.5,42.3
808,326834.2,4695525.4,55.0,0.478,0,68.7,0.12,1.0,0.313,42.2
809,327334.2,4695575.4,88.2,1.773,2,,0.443,0.333,0.5,42.2
810,326234.2,4696125.4,46.7,0.0,0,39.2,0.0,1.0,0.608,42.2
811,326534.2,4694775.4,94.1,0.0,0,39.8,0.0,1.0,0.602,42.0
812,326084.2,4694975.4,70.9,0.198,0,52.5,0.049,1.0,0.475,42.0
813,326384.2,4694475.4,20.1,0.834,0,92.7,0.209,1.0,0.073,41.9
814,326184.2,4694975.4,91.9,0.023,0,42.1,0.006,1.0,0.579,41.9
815,326434.2,4695275.4,76.0,0.369,0,63.4,0.092,1.0,0.366,41.9
816,325684.2,4695475.4,37.3,0.842,0,93.0,0.21,1.0,0.07,41.9
817,327834.2,4695275.4,21.1,1.345,1,,0.336,0.5,0.5,41.8
818,326584.2,4695475.4,45.1,0.623,0,79.7,0.156,1.0,0.203,41.8
819,326784.2,4695825.4,63.4,2.468,2,95.2,0.617,0.333,0.048,41.8
820,326234.2,4695175.4,125.5,0.0,0,41.6,0.0,1.0,0.584,41.7
821,326134.2,4695875.4,38.8,2.26,2,82.6,0.565,0.333,0.174,41.7
822,326134.2,4695975.4,40.8,1.989,3,53.2,0.497,0.25,0.468,41.7
823,326584.2,4695575.4,47.0,0.294,0,60.6,0.073,1.0,0.394,41.5
824,327034.2,4694525.4,40.0,0.06,0,46.5,0.015,1.0,0.535,41.4
825,325134.2,4696425.4,29.8,2.032,4,,0.508,0.2,0.5,41.4
826,327984.2,4694225.4,29.1,1.308,1,,0.327,0.5,0.5,41.3
827,327084.2,4694825.4,82.3,0.653,0,84.6,0.163,1.0,0.154,41.3
828,325884.2,4694975.4,43.4,0.358,0,65.8,0.089,1.0,0.342,41.3
829,325834.2,4695025.4,43.6,0.16,0,53.3,0.04,1.0,0.467,41.3
830,328284.2,4695225.4,12.3,1.303,1,,0.326,0.5,0.5,41.3
831,325834.2,4695425.4,53.0,0.153,0,53.3,0.038,1.0,0.467,41.3
832,324934.2,4696475.4,39.3,1.703,2,,0.426,0.333,0.5,41.3
833,325934.2,4694775.4,27.8,0.621,0,83.0,0.155,1.0,0.17,41.2
834,327234.2,4695225.4,46.6,2.018,4,,0.504,0.2,0.5,41.2
835,328384.2,4695275.4,11.9,1.294,1,,0.324,0.5,0.5,41.2
836,328484.2,4695825.4,9.4,1.296,1,,0.324,0.5,0.5,41.2
837,326184.2,4694925.4,84.5,0.0,0,44.6,0.0,1.0,0.554,41.1
838,326184.2,4695625.4,45.0,2.385,4,73.4,0.596,0.2,0.266,41.1
839,326984.2,4695775.4,99.1,0.0,0,44.7,0.0,1.0,0.553,41.1
840,325934.2,4695325.4,62.8,0.002,0,44.9,0.0,1.0,0.551,41.0
841,328034.2,4695725.4,12.8,1.281,1,,0.32,0.5,0.5,41.0
842,326784.2,4695775.4,61.1,2.415,2,96.1,0.604,0.333,0.039,41.0
843,326184.2,4695025.4,96.2,0.299,0,64.0,0.075,1.0,0.36,40.9
844,328334.2,4695675.4,8.6,1.869,3,,0.467,0.25,0.5,40.9
845,328034.2,4693875.4,10.5,1.66,2,,0.415,0.333,0.5,40.8
846,327884.2,4694375.4,39.6,1.86,3,,0.465,0.25,0.5,40.8
847,326284.2,4694825.4,82.1,0.0,0,46.0,0.0,1.0,0.54,40.8
848,325984.2,4695075.4,61.0,0.703,0,90.0,0.176,1.0,0.1,40.8
849,325834.2,4695225.4,52.6,0.368,0,68.8,0.092,1.0,0.312,40.8
850,325734.2,4695575.4,39.7,0.168,0,56.4,0.042,1.0,0.436,40.8
851,328484.2,4695775.4,9.0,1.264,1,,0.316,0.5,0.5,40.8
852,324884.2,4696525.4,45.3,1.666,2,,0.417,0.333,0.5,40.8
853,327084.2,4693875.4,8.5,1.257,1,,0.314,0.5,0.5,40.7
854,325884.2,4694825.4,31.4,0.549,0,80.7,0.137,1.0,0.193,40.7
855,325934.2,4694975.4,46.6,0.72,0,91.7,0.18,1.0,0.083,40.7
856,326684.2,4695075.4,88.9,0.0,0,46.7,0.0,1.0,0.533,40.7
857,325884.2,4695175.4,58.3,0.0,0,47.0,0.0,1.0,0.53,40.6
858,327984.2,4693475.4,10.5,1.843,3,,0.461,0.25,0.5,40.5
859,326734.2,4694575.4,51.6,0.408,0,73.0,0.102,1.0,0.27,40.5
860,326484.2,4695225.4,81.5,0.353,0,69.5,0.088,1.0,0.305,40.5
861,328084.2,4695725.4,12.6,1.242,1,,0.31,0.5,0.5,40.5
862,326134.2,4696075.4,44.8,0.227,0,61.9,0.057,1.0,0.381,40.5
863,324634.2,4697175.4,32.8,1.243,1,,0.311,0.5,0.5,40.5
864,325784.2,4694925.4,39.5,0.0,0,48.2,0.0,1.0,0.518,40.4
865,326334.2,4695075.4,134.4,0.0,0,47.9,0.0,1.0,0.521,40.4
866,326534.2,4695975.4,47.8,0.473,0,77.8,0.118,1.0,0.222,40.4
867,328434.2,4696025.4,11.2,1.22,1,,0.305,0.5,0.5,40.3
868,328084.2,4694125.4,19.6,2.075,6,,0.519,0.143,0.5,40.2
869,326934.2,4695525.4,65.0,2.208,5,62.2,0.552,0.167,0.378,40.2
870,326084.2,4695625.4,46.2,2.324,2,94.5,0.581,0.333,0.055,40.2
871,326784.2,4694375.4,20.0,0.476,0,79.3,0.119,1.0,0.207,40.1
872,326484.2,4694625.4,49.7,0.104,0,55.8,0.026,1.0,0.442,40.1
873,326334.2,4694875.4,97.4,0.219,0,63.1,0.055,1.0,0.369,40.1
874,326334.2,4695125.4,126.9,0.0,0,49.3,0.0,1.0,0.507,40.1
875,326334.2,4695175.4,115.1,0.0,0,49.5,0.0,1.0,0.505,40.1
876,327134.2,4695175.4,50.8,1.611,2,,0.403,0.333,0.5,40.1
877,325734.2,4696225.4,57.2,0.509,0,81.2,0.127,1.0,0.188,40.1
878,326234.2,4694775.4,61.9,0.704,0,93.8,0.176,1.0,0.062,40.0
879,326884.2,4695375.4,50.0,2.506,4,86.6,0.626,0.2,0.134,40.0
880,326434.2,4694625.4,49.5,0.023,0,51.8,0.006,1.0,0.482,39.9
881,325234.2,4695925.4,23.4,1.196,1,,0.299,0.5,0.5,39.9
882,325734.2,4696175.4,54.1,0.422,0,76.9,0.105,1.0,0.231,39.9
883,328184.2,4695025.4,16.9,1.585,2,,0.396,0.333,0.5,39.8
884,326834.2,4694775.4,74.8,0.692,0,94.7,0.173,1.0,0.053,39.7
885,327134.2,4695725.4,128.0,0.0,0,51.3,0.0,1.0,0.487,39.7
886,325934.2,4696475.4,42.8,0.315,0,71.8,0.079,1.0,0.282,39.6
887,324784.2,4697225.4,43.4,1.566,2,,0.392,0.333,0.5,39.6
888,328384.2,4693625.4,14.8,1.563,2,,0.391,0.333,0.5,39.5
889,328734.2,4695175.4,11.7,1.15,1,,0.287,0.5,0.5,39.4
890,325084.2,4696575.4,46.1,1.553,2,,0.388,0.333,0.5,39.4
891,328084.2,4693475.4,9.5,1.143,1,,0.286,0.5,0.5,39.3
892,328384.2,4694225.4,13.2,1.544,2,,0.386,0.333,0.5,39.3
893,326084.2,4695025.4,80.1,0.0,0,53.4,0.0,1.0,0.466,39.3
894,327534.2,4695125.4,31.2,1.548,2,,0.387,0.333,0.5,39.3
895,327884.2,4695975.4,17.9,1.548,2,,0.387,0.333,0.5,39.3
896,326584.2,4695175.4,85.1,0.108,0,61.0,0.027,1.0,0.39,39.2
897,325934.2,4695425.4,60.1,0.0,0,53.9,0.0,1.0,0.461,39.2
898,326334.2,4694825.4,88.9,0.0,0,54.4,0.0,1.0,0.456,39.1
899,327234.2,4694925.4,85.9,0.0,0,54.6,0.0,1.0,0.454,39.1
900,327884.2,4694725.4,26.6,1.123,1,,0.281,0.5,0.5,39.0
901,326134.2,4695275.4,98.0,0.56,0,90.0,0.14,1.0,0.1,39.0
902,325384.2,4696125.4,31.3,1.117,1,,0.279,0.5,0.5,39.0
903,326984.2,4695725.4,96.1,0.102,0,62.0,0.025,1.0,0.38,38.9
904,326434.2,4695775.4,43.7,0.136,0,64.1,0.034,1.0,0.359,38.9
905,328184.2,4695775.4,16.2,1.831,4,,0.458,0.2,0.5,38.9
906,328334.2,4695825.4,19.0,1.915,5,,0.479,0.167,0.5,38.9
907,326334.2,4694475.4,18.8,0.481,0,86.1,0.12,1.0,0.139,38.8
908,326984.2,4694525.4,45.5,0.0,0,56.1,0.0,1.0,0.439,38.8
909,326934.2,4694525.4,47.1,0.173,0,67.4,0.043,1.0,0.326,38.7
910,327434.2,4695225.4,40.1,1.097,1,,0.274,0.5,0.5,38.7
911,325984.2,4695775.4,39.1,2.288,4,79.8,0.572,0.2,0.202,38.7
912,326934.2,4695975.4,98.6,0.0,0,56.3,0.0,1.0,0.437,38.7
913,326284.2,4696025.4,44.9,0.0,0,57.2,0.0,1.0,0.428,38.6
914,325984.2,4696175.4,45.5,0.419,0,83.0,0.105,1.0,0.17,38.6
915,326984.2,4695875.4,106.3,0.0,0,57.3,0.0,1.0,0.427,38.5
916,326134.2,4696175.4,45.0,0.15,0,67.0,0.038,1.0,0.33,38.5
917,326234.2,4694725.4,52.5,0.288,0,76.0,0.072,1.0,0.24,38.4
918,328034.2,4693625.4,8.9,1.062,1,,0.265,0.5,0.5,38.3
919,326384.2,4694675.4,57.2,0.005,0,58.9,0.001,1.0,0.411,38.3
920,326184.2,4695375.4,85.0,0.169,0,69.0,0.042,1.0,0.31,38.3
921,327334.2,4695625.4,96.8,1.064,1,,0.266,0.5,0.5,38.3
922,328134.2,4693775.4,9.1,1.857,5,,0.464,0.167,0.5,38.2
923,326734.2,4694375.4,18.4,0.388,0,83.5,0.097,1.0,0.165,38.2
924,326284.2,4695425.4,63.6,2.092,4,69.8,0.523,0.2,0.302,38.2
925,326934.2,4695875.4,93.3,0.0,0,59.2,0.0,1.0,0.408,38.2
926,325884.2,4695925.4,41.7,2.052,2,87.4,0.513,0.333,0.126,38.2
927,324734.2,4697225.4,36.7,1.989,8,,0.497,0.111,0.5,38.2
928,326634.2,4694875.4,94.9,0.549,0,94.4,0.137,1.0,0.056,38.0
929,326284.2,4695175.4,122.9,0.0,0,60.1,0.0,1.0,0.399,38.0
930,326184.2,4695925.4,39.2,2.228,5,74.9,0.557,0.167,0.251,37.9
931,326634.2,4695975.4,54.7,0.493,0,91.2,0.123,1.0,0.088,37.9
932,327084.2,4695775.4,122.5,0.0,0,60.9,0.0,1.0,0.391,37.8
933,325584.2,4696425.4,38.9,1.825,5,,0.456,0.167,0.5,37.8
934,328284.2,4695025.4,19.3,1.014,1,,0.253,0.5,0.5,37.7
935,326584.2,4695875.4,55.8,0.004,0,61.7,0.001,1.0,0.383,37.7
936,325834.2,4694975.4,42.3,0.0,0,62.2,0.0,1.0,0.378,37.6
937,327084.2,4695625.4,110.2,0.0,0,62.2,0.0,1.0,0.378,37.6
938,327034.2,4695825.4,114.7,0.0,0,62.1,0.0,1.0,0.379,37.6
939,325184.2,4695925.4,23.1,1.607,3,,0.402,0.25,0.5,37.6
940,325784.2,4696325.4,64.5,0.0,0,62.1,0.0,1.0,0.379,37.6
941,325534.2,4696425.4,39.6,1.906,7,,0.476,0.125,0.5,37.6
942,327084.2,4695675.4,119.0,0.0,0,62.3,0.0,1.0,0.377,37.5
943,328634.2,4695725.4,9.4,1.0,1,,0.25,0.5,0.5,37.5
944,325634.2,4695875.4,27.6,1.398,2,,0.349,0.333,0.5,37.5
945,326834.2,4695075.4,87.0,0.0,0,63.0,0.0,1.0,0.37,37.4
946,326734.2,4695625.4,52.9,0.226,0,76.9,0.056,1.0,0.231,37.4
947,327034.2,4695775.4,111.3,0.0,0,63.0,0.0,1.0,0.37,37.4
948,326434.2,4694825.4,101.1,0.0,0,63.5,0.0,1.0,0.365,37.3
949,326884.2,4695225.4,60.3,1.383,2,,0.346,0.333,0.5,37.3
950,325934.2,4695575.4,51.4,0.02,0,64.7,0.005,1.0,0.353,37.3
951,326384.2,4695925.4,39.3,2.289,5,81.3,0.572,0.167,0.187,37.3
952,325934.2,4696375.4,45.7,1.507,2,57.5,0.377,0.333,0.425,37.3
953,326734.2,4695025.4,87.1,0.37,0,87.1,0.092,1.0,0.129,37.2
954,326434.2,4695075.4,116.8,0.121,0,71.8,0.03,1.0,0.282,37.2
955,326934.2,4695075.4,84.3,0.0,0,64.2,0.0,1.0,0.358,37.2
956,325984.2,4695575.4,52.3,0.322,0,84.3,0.08,1.0,0.157,37.2
957,326334.2,4695575.4,50.8,0.0,0,64.2,0.0,1.0,0.358,37.2
958,327134.2,4695625.4,119.9,0.0,0,63.8,0.0,1.0,0.362,37.2
959,326134.2,4694675.4,33.5,0.258,0,80.5,0.065,1.0,0.195,37.1
960,327434.2,4695275.4,43.2,0.968,1,,0.242,0.5,0.5,37.1
961,325734.2,4695425.4,44.5,0.128,0,72.3,0.032,1.0,0.277,37.1
962,327684.2,4695525.4,45.5,0.968,1,,0.242,0.5,0.5,37.1
963,327084.2,4695825.4,125.6,0.0,0,64.5,0.0,1.0,0.355,37.1
964,326334.2,4694675.4,56.7,0.0,0,65.2,0.0,1.0,0.348,37.0
965,325884.2,4695375.4,62.4,0.0,0,65.2,0.0,1.0,0.348,37.0
966,326034.2,4695925.4,46.8,0.076,0,69.8,0.019,1.0,0.302,37.0
967,328834.2,4695275.4,9.0,0.952,1,,0.238,0.5,0.5,36.9
968,325634.2,4695625.4,31.9,0.2,0,78.2,0.05,1.0,0.218,36.9
969,327134.2,4695775.4,129.5,0.0,0,65.7,0.0,1.0,0.343,36.9
970,325234.2,4696125.4,26.9,0.948,1,,0.237,0.5,0.5,36.9
971,326784.2,4695925.4,68.6,0.239,0,81.0,0.06,1.0,0.19,36.8
972,324784.2,4697075.4,55.7,1.546,3,,0.386,0.25,0.5,36.8
973,327684.2,4694675.4,58.1,0.934,1,,0.233,0.5,0.5,36.7
974,325684.2,4696425.4,40.6,1.338,2,,0.335,0.333,0.5,36.7
975,326334.2,4694775.4,76.3,0.35,0,89.0,0.088,1.0,0.11,36.6
976,326784.2,4694775.4,78.9,0.449,0,95.0,0.112,1.0,0.05,36.6
977,327834.2,4694825.4,28.1,1.531,3,,0.383,0.25,0.5,36.6
978,326134.2,4695075.4,89.9,0.187,0,78.9,0.047,1.0,0.211,36.6
979,326134.2,4696275.4,42.8,0.208,0,80.3,0.052,1.0,0.197,36.6
980,328334.2,4694225.4,13.8,1.318,2,,0.33,0.333,0.5,36.5
981,326484.2,4695025.4,113.9,0.435,0,94.5,0.109,1.0,0.055,36.5
982,328134.2,4695125.4,13.7,0.923,1,,0.231,0.5,0.5,36.5
983,325084.2,4695875.4,25.3,1.778,6,,0.445,0.143,0.5,36.5
984,327034.2,4695875.4,120.6,0.0,0,67.4,0.0,1.0,0.326,36.5
985,325784.2,4696475.4,38.2,2.355,5,89.9,0.589,0.167,0.101,36.5
986,327084.2,4695025.4,83.0,0.237,0,83.0,0.059,1.0,0.17,36.4
987,327034.2,4695725.4,109.0,0.0,0,68.1,0.0,1.0,0.319,36.4
988,326384.2,4694925.4,118.6,0.0,0,68.4,0.0,1.0,0.316,36.3
989,326834.2,4695875.4,70.4,2.199,3,93.3,0.55,0.25,0.067,36.3
990,326334.2,4696225.4,44.9,0.313,0,87.9,0.078,1.0,0.121,36.3
991,326284.2,4695075.4,129.6,0.0,0,69.2,0.0,1.0,0.308,36.2
992,326084.2,4695775.4,39.4,1.895,3,75.0,0.474,0.25,0.25,36.2
993,326284.2,4696225.4,39.8,1.855,2,85.1,0.464,0.333,0.149,36.2
994,326284.2,4695225.4,111.3,0.0,0,69.4,0.0,1.0,0.306,36.1
995,328184.2,4695625.4,9.6,0.885,1,,0.221,0.5,0.5,36.1
996,325934.2,4695825.4,38.7,2.206,7,75.9,0.551,0.125,0.241,36.1
997,325634.2,4696275.4,53.3,0.0,0,69.6,0.0,1.0,0.304,36.1
998,324834.2,4696775.4,70.2,1.286,2,,0.322,0.333,0.5,36.1
999,326684.2,4694725.4,85.5,0.0,0,69.9,0.0,1.0,0.301,36.0
1000,326384.2,4694975.4,128.4,0.0,0,69.8,0.0,1.0,0.302,36.0
1001,326434.2,4694975.4,129.9,0.0,0,70.0,0.0,1.0,0.3,36.0
1002,325984.2,4694975.4,53.9,0.009,0,71.1,0.002,1.0,0.289,35.9
1003,326884.2,4695175.4,68.6,0.284,0,88.2,0.071,1.0,0.118,35.9
1004,327184.2,4694975.4,79.5,0.192,0,83.0,0.048,1.0,0.17,35.8
1005,325884.2,4695425.4,60.3,0.0,0,71.1,0.0,1.0,0.289,35.8
1006,326634.2,4695675.4,48.5,1.589,2,70.2,0.397,0.333,0.298,35.8
1007,327884.2,4695775.4,20.7,1.261,2,,0.315,0.333,0.5,35.8
1008,327834.2,4696025.4,18.0,0.863,1,,0.216,0.5,0.5,35.8
1009,327134.2,4695525.4,101.4,0.0,0,71.5,0.0,1.0,0.285,35.7
1010,327034.2,4695625.4,97.1,0.18,0,83.0,0.045,1.0,0.17,35.7
1011,328034.2,4693475.4,10.0,1.251,2,,0.313,0.333,0.5,35.6
1012,326734.2,4695075.4,89.0,0.0,0,72.0,0.0,1.0,0.28,35.6
1013,325784.2,4695375.4,48.5,0.222,0,86.1,0.056,1.0,0.139,35.6
1014,326634.2,4695875.4,57.5,0.141,0,80.7,0.035,1.0,0.193,35.6
1015,326084.2,4696175.4,44.6,0.157,0,81.6,0.039,1.0,0.184,35.6
1016,326284.2,4696175.4,41.8,1.334,1,80.6,0.333,0.5,0.194,35.6
1017,326234.2,4695125.4,124.8,0.0,0,72.4,0.0,1.0,0.276,35.5
1018,326634.2,4695125.4,87.8,0.0,0,72.4,0.0,1.0,0.276,35.5
1019,325734.2,4695975.4,39.6,1.557,4,,0.389,0.2,0.5,35.5
1020,325784.2,4696425.4,43.7,2.022,6,70.5,0.505,0.143,0.295,35.5
1021,326584.2,4695125.4,90.7,0.025,0,74.5,0.006,1.0,0.255,35.4
1022,325634.2,4695425.4,36.1,0.358,0,95.5,0.09,1.0,0.045,35.4
1023,326434.2,4695025.4,126.2,0.0,0,73.6,0.0,1.0,0.264,35.3
1024,326234.2,4695775.4,42.7,0.097,0,79.5,0.024,1.0,0.205,35.3
1025,326934.2,4695775.4,85.2,1.544,2,70.1,0.386,0.333,0.299,35.3
1026,326234.2,4695825.4,42.0,0.061,0,77.4,0.015,1.0,0.226,35.3
1027,326334.2,4696025.4,44.9,0.0,0,73.4,0.0,1.0,0.266,35.3
1028,326884.2,4694575.4,56.3,0.0,0,74.1,0.0,1.0,0.259,35.2
1029,326284.2,4694725.4,59.8,0.021,0,75.4,0.005,1.0,0.246,35.2
1030,327034.2,4695025.4,95.1,0.0,0,74.1,0.0,1.0,0.259,35.2
1031,326784.2,4695075.4,88.0,0.0,0,74.2,0.0,1.0,0.258,35.2
1032,325834.2,4695525.4,50.1,0.024,0,75.5,0.006,1.0,0.245,35.2
1033,326784.2,4695625.4,54.6,1.181,1,72.8,0.295,0.5,0.272,35.2
1034,325934.2,4695925.4,45.2,0.242,0,89.0,0.061,1.0,0.11,35.2
1035,326234.2,4695925.4,39.5,1.977,5,72.8,0.494,0.167,0.272,35.2
1036,325584.2,4696275.4,53.0,0.0,0,74.0,0.0,1.0,0.26,35.2
1037,327084.2,4694875.4,99.4,0.0,0,74.4,0.0,1.0,0.256,35.1
1038,328734.2,4695275.4,9.1,1.205,2,,0.301,0.333,0.5,35.1
1039,326384.2,4695325.4,70.0,1.41,3,,0.352,0.25,0.5,35.1
1040,326084.2,4695475.4,68.1,0.003,0,74.5,0.001,1.0,0.255,35.1
1041,326184.2,4695675.4,43.2,1.21,2,,0.302,0.333,0.5,35.1
1042,326234.2,4695975.4,40.8,1.344,1,83.7,0.336,0.5,0.163,35.1
1043,326484.2,4696025.4,46.7,0.161,0,84.6,0.04,1.0,0.154,35.1
1044,326484.2,4696175.4,54.1,0.0,0,74.7,0.0,1.0,0.253,35.1
1045,326284.2,4694675.4,54.5,0.0,0,75.0,0.0,1.0,0.25,35.0
1046,328484.2,4695525.4,7.9,1.202,2,,0.301,0.333,0.5,35.0
1047,326234.2,4696025.4,43.7,0.168,0,85.6,0.042,1.0,0.144,35.0
1048,326184.2,4694875.4,76.3,0.0,0,75.7,0.0,1.0,0.243,34.9
1049,325884.2,4695575.4,49.9,0.011,0,76.3,0.003,1.0,0.237,34.9
1050,326184.2,4695975.4,40.1,2.133,5,84.0,0.533,0.167,0.16,34.9
1051,326834.2,4694575.4,55.9,0.037,0,78.2,0.009,1.0,0.218,34.8
1052,326684.2,4695125.4,87.2,0.0,0,76.0,0.0,1.0,0.24,34.8
1053,326134.2,4695325.4,99.1,0.0,0,76.0,0.0,1.0,0.24,34.8
1054,326384.2,4696175.4,47.4,0.002,0,76.3,0.0,1.0,0.237,34.8
1055,325634.2,4696225.4,53.5,0.105,0,82.4,0.026,1.0,0.176,34.8
1056,325684.2,4696475.4,35.8,1.385,3,,0.346,0.25,0.5,34.8
1057,324834.2,4697025.4,64.2,1.508,4,,0.377,0.2,0.5,34.8
1058,324784.2,4697475.4,39.2,0.786,1,,0.196,0.5,0.5,34.8
1059,326234.2,4694675.4,45.7,0.0,0,76.6,0.0,1.0,0.234,34.7
1060,326134.2,4695425.4,75.1,0.0,0,76.7,0.0,1.0,0.233,34.7
1061,328134.2,4695775.4,17.2,0.78,1,,0.195,0.5,0.5,34.7
1062,326134.2,4695825.4,39.0,1.708,2,83.5,0.427,0.333,0.165,34.7
1063,326134.2,4696225.4,45.7,0.0,0,76.3,0.0,1.0,0.237,34.7
1064,327584.2,4693625.4,7.6,1.49,4,,0.373,0.2,0.5,34.6
1065,326784.2,4694625.4,65.7,0.0,0,77.1,0.0,1.0,0.229,34.6
1066,326984.2,4694925.4,104.8,0.0,0,76.8,0.0,1.0,0.232,34.6
1067,326884.2,4694975.4,96.4,0.0,0,77.2,0.0,1.0,0.228,34.6
1068,328484.2,4695625.4,8.1,1.167,2,,0.292,0.333,0.5,34.6
1069,327234.2,4695725.4,124.0,0.0,0,77.6,0.0,1.0,0.224,34.5
1070,326584.2,4696125.4,57.7,0.0,0,77.7,0.0,1.0,0.223,34.5
1071,327284.2,4694975.4,61.7,1.39,2,64.8,0.348,0.333,0.352,34.4
1072,328934.2,4695375.4,9.5,0.755,1,,0.189,0.5,0.5,34.4
1073,326584.2,4695825.4,58.1,0.0,0,78.2,0.0,1.0,0.218,34.4
1074,325884.2,4696375.4,51.2,0.284,0,95.7,0.071,1.0,0.043,34.4
1075,328084.2,4694175.4,21.3,1.543,5,,0.386,0.167,0.5,34.3
1076,326784.2,4694675.4,75.7,0.0,0,78.3,0.0,1.0,0.217,34.3
1077,325834.2,4694875.4,36.5,0.085,0,84.0,0.021,1.0,0.16,34.3
1078,327034.2,4694925.4,107.6,0.0,0,78.7,0.0,1.0,0.213,34.3
1079,326934.2,4694975.4,103.9,0.0,0,78.2,0.0,1.0,0.217,34.3
1080,326134.2,4695025.4,90.3,0.0,0,78.3,0.0,1.0,0.217,34.3
1081,325934.2,4695225.4,61.5,0.0,0,78.4,0.0,1.0,0.216,34.3
1082,328984.2,4695375.4,9.7,1.342,3,,0.335,0.25,0.5,34.3
1083,325834.2,4695475.4,51.3,0.1,0,84.6,0.025,1.0,0.154,34.3
1084,326734.2,4696025.4,68.7,0.0,0,78.7,0.0,1.0,0.213,34.3
1085,326434.2,4696175.4,51.5,0.0,0,78.4,0.0,1.0,0.216,34.3
1086,326284.2,4694775.4,70.9,0.0,0,79.1,0.0,1.0,0.209,34.2
1087,327134.2,4694975.4,86.9,0.0,0,79.0,0.0,1.0,0.21,34.2
1088,326484.2,4695725.4,43.7,1.09,1,71.9,0.272,0.5,0.281,34.2
1089,325984.2,4695875.4,45.8,0.0,0,78.9,0.0,1.0,0.211,34.2
1090,327834.2,4693525.4,9.8,1.325,3,,0.331,0.25,0.5,34.1
1091,327984.2,4694475.4,25.5,1.125,2,,0.281,0.333,0.5,34.1
1092,326934.2,4694575.4,51.7,0.0,0,79.5,0.0,1.0,0.205,34.1
1093,327834.2,4694575.4,36.8,1.325,3,,0.331,0.25,0.5,34.1
1094,326234.2,4694825.4,73.6,0.009,0,80.3,0.002,1.0,0.197,34.1
1095,326984.2,4694875.4,91.0,0.082,0,84.5,0.02,1.0,0.155,34.1
1096,326834.2,4695025.4,91.2,0.0,0,79.4,0.0,1.0,0.206,34.1
1097,326984.2,4695025.4,99.2,0.0,0,79.6,0.0,1.0,0.204,34.1
1098,326184.2,4695275.4,115.4,0.0,0,79.8,0.0,1.0,0.203,34.1
1099,326184.2,4695425.4,74.8,0.02,0,80.9,0.005,1.0,0.191,34.1
1100,325934.2,4695475.4,56.8,0.031,0,81.6,0.008,1.0,0.184,34.1
1101,326034.2,4695625.4,47.4,1.436,1,94.2,0.359,0.5,0.058,34.1
1102,324934.2,4696675.4,64.7,1.328,3,,0.332,0.25,0.5,34.1
1103,328034.2,4693575.4,10.1,0.717,1,,0.179,0.5,0.5,34.0
1104,327184.2,4694825.4,94.9,0.0,0,79.9,0.0,1.0,0.201,34.0
1105,327784.2,4695325.4,25.3,0.719,1,,0.18,0.5,0.5,34.0
1106,325734.2,4695625.4,40.0,0.0,0,80.1,0.0,1.0,0.199,34.0
1107,325134.2,4695875.4,24.1,1.119,2,,0.28,0.333,0.5,34.0
1108,328534.2,4695975.4,6.6,1.122,2,,0.281,0.333,0.5,34.0
1109,327184.2,4695675.4,124.9,0.0,0,80.7,0.0,1.0,0.193,33.9
1110,326984.2,4695825.4,101.2,0.0,0,80.6,0.0,1.0,0.194,33.9
1111,328384.2,4696075.4,12.6,1.11,2,,0.277,0.333,0.5,33.9
1112,326384.2,4696225.4,45.9,0.0,0,80.3,0.0,1.0,0.197,33.9
1113,327484.2,4693575.4,8.5,1.427,4,,0.357,0.2,0.5,33.8
1114,326734.2,4694625.4,67.6,0.0,0,81.0,0.0,1.0,0.19,33.8
1115,327834.2,4694775.4,26.9,1.502,5,,0.375,0.167,0.5,33.8
1116,328184.2,4695075.4,15.4,1.307,3,,0.327,0.25,0.5,33.8
1117,326934.2,4695125.4,73.7,0.275,0,98.0,0.069,1.0,0.02,33.8
1118,325934.2,4695975.4,49.6,0.001,0,81.1,0.0,1.0,0.189,33.8
1119,324884.2,4696475.4,38.5,1.428,4,,0.357,0.2,0.5,33.8
1120,327134.2,4694875.4,102.1,0.0,0,81.6,0.0,1.0,0.184,33.7
1121,328284.2,4695175.4,14.7,0.698,1,,0.174,0.5,0.5,33.7
1122,326184.2,4695325.4,104.2,0.0,0,81.5,0.0,1.0,0.185,33.7
1123,328584.2,4695425.4,7.8,1.098,2,,0.274,0.333,0.5,33.7
1124,326234.2,4696075.4,45.8,0.0,0,81.4,0.0,1.0,0.186,33.7
1125,326434.2,4696125.4,48.5,0.032,0,83.6,0.008,1.0,0.164,33.7
1126,326184.2,4696175.4,46.5,0.0,0,81.3,0.0,1.0,0.187,33.7
1127,326184.2,4694725.4,47.5,0.121,0,89.6,0.03,1.0,0.104,33.6
1128,326334.2,4695025.4,129.9,0.0,0,82.1,0.0,1.0,0.179,33.6
1129,325884.2,4695525.4,52.7,0.0,0,82.0,0.0,1.0,0.18,33.6
1130,326634.2,4696075.4,57.9,0.0,0,82.0,0.0,1.0,0.18,33.6
1131,328334.2,4695225.4,13.2,1.082,2,,0.27,0.333,0.5,33.5
1132,325934.2,4695275.4,62.3,0.0,0,82.4,0.0,1.0,0.176,33.5
1133,326684.2,4695975.4,59.0,0.128,0,90.6,0.032,1.0,0.094,33.5
1134,325934.2,4696025.4,50.2,0.0,0,82.3,0.0,1.0,0.177,33.5
1135,327184.2,4694925.4,92.0,0.0,0,83.0,0.0,1.0,0.17,33.4
1136,326884.2,4695025.4,95.1,0.0,0,83.0,0.0,1.0,0.17,33.4
1137,328834.2,4695325.4,9.0,1.071,2,,0.268,0.333,0.5,33.4
1138,326684.2,4696025.4,61.9,0.0,0,82.8,0.0,1.0,0.172,33.4
1139,326084.2,4696275.4,44.6,0.0,0,83.2,0.0,1.0,0.168,33.4
1140,326684.2,4695775.4,60.9,0.0,0,83.3,0.0,1.0,0.167,33.3
1141,327284.2,4695225.4,44.8,1.255,3,,0.314,0.25,0.5,33.2
1142,326634.2,4695475.4,48.2,0.124,0,92.0,0.031,1.0,0.08,33.2
1143,325934.2,4695525.4,53.9,0.025,0,85.7,0.006,1.0,0.143,33.2
1144,326734.2,4694675.4,79.4,0.0,0,84.6,0.0,1.0,0.154,33.1
1145,327084.2,4694925.4,108.2,0.0,0,84.7,0.0,1.0,0.153,33.1
1146,326784.2,4695025.4,89.3,0.0,0,84.7,0.0,1.0,0.153,33.1
1147,328084.2,4695175.4,12.5,0.645,1,,0.161,0.5,0.5,33.1
1148,328684.2,4695525.4,9.7,0.645,1,,0.161,0.5,0.5,33.1
1149,326634.2,4695825.4,60.6,0.0,0,84.3,0.0,1.0,0.157,33.1
1150,325184.2,4695975.4,23.8,1.251,3,,0.313,0.25,0.5,33.1
1151,325884.2,4695975.4,49.8,0.04,0,87.2,0.01,1.0,0.128,33.1
1152,326484.2,4696125.4,52.2,0.0,0,84.4,0.0,1.0,0.156,33.1
1153,326084.2,4696225.4,45.4,0.0,0,84.3,0.0,1.0,0.157,33.1
1154,328334.2,4694175.4,15.8,0.642,1,,0.161,0.5,0.5,33.0
1155,327234.2,4694825.4,96.7,0.0,0,85.1,0.0,1.0,0.149,33.0
1156,326284.2,4694875.4,90.5,0.159,0,95.0,0.04,1.0,0.05,33.0
1157,326434.2,4694875.4,114.3,0.0,0,84.8,0.0,1.0,0.152,33.0
1158,327184.2,4694875.4,101.5,0.0,0,85.2,0.0,1.0,0.147,33.0
1159,326984.2,4694975.4,108.4,0.0,0,85.2,0.0,1.0,0.148,33.0
1160,325984.2,4695025.4,58.3,0.097,0,90.9,0.024,1.0,0.091,33.0
1161,326384.2,4695125.4,116.1,0.183,0,96.6,0.046,1.0,0.034,33.0
1162,327084.2,4695875.4,128.6,0.0,0,85.2,0.0,1.0,0.148,33.0
1163,326134.2,4696025.4,43.9,0.394,1,34.6,0.099,0.5,0.654,33.0
1164,324984.2,4697125.4,72.8,1.036,2,,0.259,0.333,0.5,33.0
1165,326334.2,4694975.4,118.5,0.0,0,85.4,0.0,1.0,0.146,32.9
1166,325484.2,4696225.4,44.5,1.232,3,,0.308,0.25,0.5,32.9
1167,327584.2,4694775.4,57.5,1.026,2,,0.257,0.333,0.5,32.8
1168,327884.2,4694825.4,27.8,1.022,2,,0.256,0.333,0.5,32.8
1169,326184.2,4695175.4,113.2,0.0,0,86.1,0.0,1.0,0.139,32.8
1170,325884.2,4695475.4,57.6,0.0,0,86.0,0.0,1.0,0.14,32.8
1171,326684.2,4696075.4,63.4,0.0,0,85.8,0.0,1.0,0.142,32.8
1172,325284.2,4696125.4,28.3,1.344,4,,0.336,0.2,0.5,32.8
1173,324934.2,4696525.4,46.4,1.224,3,,0.306,0.25,0.5,32.8
1174,326884.2,4694625.4,63.6,0.0,0,86.7,0.0,1.0,0.133,32.7
1175,326534.2,4696125.4,55.0,0.0,0,86.4,0.0,1.0,0.136,32.7
1176,325884.2,4695325.4,66.0,0.0,0,87.2,0.0,1.0,0.128,32.6
1177,327134.2,4695575.4,111.0,0.0,0,87.0,0.0,1.0,0.13,32.6
1178,326634.2,4696025.4,54.2,0.095,0,92.8,0.024,1.0,0.072,32.6
1179,326584.2,4696075.4,52.8,0.0,0,87.0,0.0,1.0,0.13,32.6
1180,325934.2,4695175.4,60.4,0.005,0,87.9,0.001,1.0,0.121,32.5
1181,325834.2,4695375.4,57.4,0.0,0,87.5,0.0,1.0,0.125,32.5
1182,328234.2,4693625.4,13.6,1.192,3,,0.298,0.25,0.5,32.4
1183,327084.2,4693825.4,8.9,0.993,2,,0.248,0.333,0.5,32.4
1184,327034.2,4695925.4,121.1,0.0,0,88.2,0.0,1.0,0.118,32.4
1185,325784.2,4696375.4,55.1,0.586,1,,0.147,0.5,0.5,32.3
1186,325834.2,4696925.4,36.9,0.586,1,,0.147,0.5,0.5,32.3
1187,326484.2,4694575.4,36.3,1.27,2,68.3,0.317,0.333,0.317,32.2
1188,325934.2,4695025.4,52.7,0.022,0,90.5,0.005,1.0,0.095,32.2
1189,326984.2,4695075.4,82.1,0.014,0,89.8,0.003,1.0,0.102,32.2
1190,326734.2,4695125.4,85.2,0.0,0,89.0,0.0,1.0,0.11,32.2
1191,326334.2,4695625.4,46.4,0.579,1,,0.145,0.5,0.5,32.2
1192,328134.2,4693725.4,9.6,1.367,5,,0.342,0.167,0.5,32.1
1193,326684.2,4694775.4,88.3,0.0,0,89.3,0.0,1.0,0.107,32.1
1194,327034.2,4694825.4,81.6,0.082,0,94.5,0.02,1.0,0.055,32.1
1195,328184.2,4695125.4,14.3,0.566,1,,0.141,0.5,0.5,32.1
1196,326034.2,4696275.4,44.0,0.078,0,94.4,0.02,1.0,0.056,32.1
1197,326734.2,4694775.4,83.5,0.037,0,92.4,0.009,1.0,0.076,32.0
1198,328234.2,4694925.4,20.6,0.564,1,,0.141,0.5,0.5,32.0
1199,325934.2,4695125.4,59.5,0.0,0,90.2,0.0,1.0,0.098,32.0
1200,328484.2,4695675.4,8.9,0.557,1,,0.139,0.5,0.5,32.0
1201,325834.2,4696325.4,67.4,0.0,0,90.1,0.0,1.0,0.099,32.0
1202,328134.2,4693975.4,16.8,0.956,2,,0.239,0.333,0.5,31.9
1203,328034.2,4694175.4,24.9,0.953,2,,0.238,0.333,0.5,31.9
1204,326834.2,4694625.4,65.0,0.0,0,90.3,0.0,1.0,0.097,31.9
1205,326934.2,4694625.4,57.7,0.052,0,93.8,0.013,1.0,0.062,31.9
1206,325834.2,4695275.4,57.0,0.0,0,90.6,0.0,1.0,0.094,31.9
1207,328534.2,4695475.4,8.0,0.949,2,,0.237,0.333,0.5,31.9
1208,325734.2,4695725.4,35.9,0.549,1,,0.137,0.5,0.5,31.9
1209,326484.2,4694875.4,117.0,0.0,0,91.0,0.0,1.0,0.09,31.8
1210,328834.2,4695225.4,9.5,0.544,1,,0.136,0.5,0.5,31.8
1211,325684.2,4695425.4,42.2,0.0,0,90.8,0.0,1.0,0.092,31.8
1212,325984.2,4695725.4,42.2,0.544,1,,0.136,0.5,0.5,31.8
1213,326734.2,4694725.4,84.6,0.0,0,91.5,0.0,1.0,0.085,31.7
1214,326384.2,4695075.4,129.1,0.0,0,91.7,0.0,1.0,0.083,31.7
1215,328634.2,4695475.4,8.8,0.535,1,,0.134,0.5,0.5,31.7
1216,328084.2,4695825.4,19.0,0.936,2,,0.234,0.333,0.5,31.7
1217,325984.2,4695975.4,49.7,0.0,0,91.5,0.0,1.0,0.085,31.7
1218,326834.2,4694675.4,74.0,0.0,0,91.9,0.0,1.0,0.081,31.6
1219,326584.2,4694825.4,104.1,0.0,0,91.8,0.0,1.0,0.082,31.6
1220,325884.2,4695225.4,60.2,0.0,0,92.2,0.0,1.0,0.078,31.6
1221,326134.2,4695375.4,89.8,0.0,0,92.0,0.0,1.0,0.08,31.6
1222,327334.2,4695425.4,66.2,0.931,2,,0.233,0.333,0.5,31.6
1223,325684.2,4695625.4,37.4,0.0,0,92.0,0.0,1.0,0.08,31.6
1224,325484.2,4695925.4,27.7,0.531,1,,0.133,0.5,0.5,31.6
1225,326834.2,4694975.4,88.8,0.051,0,95.7,0.013,1.0,0.043,31.5
1226,326234.2,4695275.4,109.2,0.0,0,92.3,0.0,1.0,0.077,31.5
1227,325234.2,4695975.4,24.8,0.52,1,,0.13,0.5,0.5,31.5
1228,325834.2,4696275.4,62.9,0.0,0,92.4,0.0,1.0,0.076,31.5
1229,324884.2,4696725.4,69.3,1.237,4,,0.309,0.2,0.5,31.5
1230,326784.2,4694725.4,81.3,0.0,0,92.9,0.0,1.0,0.071,31.4
1231,326784.2,4695225.4,71.3,0.0,0,92.9,0.0,1.0,0.071,31.4
1232,325834.2,4695325.4,60.7,0.0,0,93.0,0.0,1.0,0.07,31.4
1233,327384.2,4695375.4,55.9,1.11,3,,0.277,0.25,0.5,31.4
1234,325334.2,4696225.4,35.6,1.109,3,,0.277,0.25,0.5,31.4
1235,328134.2,4693575.4,10.7,0.504,1,,0.126,0.5,0.5,31.3
1236,326184.2,4694675.4,42.0,0.078,0,98.3,0.02,1.0,0.017,31.3
1237,326534.2,4694825.4,107.7,0.0,0,93.5,0.0,1.0,0.065,31.3
1238,327134.2,4693875.4,9.3,0.495,1,,0.124,0.5,0.5,31.2
1239,326884.2,4694675.4,70.5,0.0,0,94.0,0.0,1.0,0.06,31.2
1240,325884.2,4695075.4,53.8,0.0,0,93.8,0.0,1.0,0.062,31.2
1241,326184.2,4695225.4,119.5,0.0,0,93.8,0.0,1.0,0.062,31.2
1242,326234.2,4695225.4,118.8,0.0,0,94.0,0.0,1.0,0.06,31.2
1243,326684.2,4695275.4,66.7,0.002,0,93.9,0.0,1.0,0.061,31.2
1244,328134.2,4695975.4,33.5,0.5,1,,0.125,0.5,0.5,31.2
1245,326384.2,4695875.4,40.3,1.208,2,69.9,0.302,0.333,0.301,31.1
1246,326634.2,4694775.4,92.6,0.0,0,95.0,0.0,1.0,0.05,31.0
1247,326384.2,4695025.4,132.3,0.0,0,95.0,0.0,1.0,0.05,31.0
1248,328884.2,4695825.4,6.3,1.199,4,,0.3,0.2,0.5,31.0
1249,325984.2,4695925.4,49.7,0.0,0,94.9,0.0,1.0,0.051,31.0
1250,325784.2,4696225.4,60.5,0.005,0,95.1,0.001,1.0,0.049,31.0
1251,325884.2,4695125.4,57.6,0.0,0,95.6,0.0,1.0,0.044,30.9
1252,328334.2,4695175.4,16.5,0.473,1,,0.118,0.5,0.5,30.9
1253,326684.2,4695425.4,48.3,0.474,1,,0.118,0.5,0.5,30.9
1254,325134.2,4695975.4,24.8,0.476,1,,0.119,0.5,0.5,30.9
1255,324884.2,4696675.4,65.6,0.474,1,,0.118,0.5,0.5,30.9
1256,324584.2,4696875.4,44.0,0.872,2,,0.218,0.333,0.5,30.9
1257,326884.2,4694725.4,75.2,0.0,0,95.9,0.0,1.0,0.041,30.8
1258,328284.2,4694975.4,20.7,0.463,1,,0.116,0.5,0.5,30.8
1259,327684.2,4693625.4,8.9,0.46,1,,0.115,0.5,0.5,30.7
1260,327484.2,4693675.4,10.9,0.459,1,,0.115,0.5,0.5,30.7
1261,325634.2,4696425.4,40.2,0.456,1,,0.114,0.5,0.5,30.7
1262,328034.2,4695175.4,13.4,0.85,2,,0.212,0.333,0.5,30.6
1263,326834.2,4695225.4,67.6,0.005,0,97.6,0.001,1.0,0.024,30.6
1264,328684.2,4695475.4,9.6,0.448,1,,0.112,0.5,0.5,30.6
1265,325084.2,4696625.4,52.4,1.247,5,,0.312,0.167,0.5,30.6
1266,325884.2,4695025.4,48.6,0.001,0,97.8,0.0,1.0,0.022,30.4
1267,327834.2,4694425.4,50.4,0.427,1,,0.107,0.5,0.5,30.3
1268,328234.2,4695075.4,17.7,0.42,1,,0.105,0.5,0.5,30.2
1269,328484.2,4695875.4,10.4,0.407,1,,0.102,0.5,0.5,30.1
1270,328484.2,4696025.4,9.1,0.411,1,,0.103,0.5,0.5,30.1
1271,327884.2,4694775.4,26.7,1.0,3,,0.25,0.25,0.5,30.0
1272,328234.2,4695025.4,18.4,0.796,2,,0.199,0.333,0.5,30.0
1273,328434.2,4695575.4,8.5,0.401,1,,0.1,0.5,0.5,30.0
1274,325484.2,4696675.4,36.8,0.398,1,,0.099,0.5,0.5,30.0
1275,328734.2,4695325.4,9.5,0.786,2,,0.196,0.333,0.5,29.8
1276,327434.2,4694875.4,76.4,0.778,2,,0.194,0.333,0.5,29.7
1277,327534.2,4695525.4,63.8,0.379,1,,0.095,0.5,0.5,29.7
1278,327284.2,4695325.4,58.3,0.758,2,,0.19,0.333,0.5,29.5
1279,325334.2,4695975.4,26.4,0.358,1,,0.089,0.5,0.5,29.5
1280,327134.2,4693825.4,9.0,0.744,2,,0.186,0.333,0.5,29.3
1281,328484.2,4695475.4,8.0,1.068,4,,0.267,0.2,0.5,29.3
1282,324484.2,4696975.4,34.0,0.741,2,,0.185,0.333,0.5,29.3
1283,328084.2,4695775.4,16.7,0.339,1,,0.085,0.5,0.5,29.2
1284,326934.2,4695825.4,89.6,0.219,1,42.5,0.055,0.5,0.575,29.2
1285,327634.2,4694725.4,58.5,0.729,2,,0.182,0.333,0.5,29.1
1286,328384.2,4694175.4,15.6,0.322,1,,0.081,0.5,0.5,29.0
1287,324784.2,4697175.4,47.0,0.719,2,,0.18,0.333,0.5,29.0
1288,325984.2,4695825.4,39.9,1.522,4,80.8,0.381,0.2,0.192,28.9
1289,328084.2,4696125.4,16.3,0.71,2,,0.178,0.333,0.5,28.9
1290,327534.2,4693625.4,8.7,0.887,3,,0.222,0.25,0.5,28.6
1291,327684.2,4695375.4,34.2,0.69,2,,0.172,0.333,0.5,28.6
1292,327784.2,4695725.4,37.2,0.288,1,,0.072,0.5,0.5,28.6
1293,327434.2,4695175.4,38.2,0.279,1,,0.07,0.5,0.5,28.5
1294,326484.2,4695275.4,69.8,1.57,3,93.8,0.392,0.25,0.062,28.4
1295,328134.2,4694125.4,21.8,0.667,2,,0.167,0.333,0.5,28.3
1296,327934.2,4695275.4,15.4,0.268,1,,0.067,0.5,0.5,28.3
1297,326134.2,4695775.4,39.8,1.377,4,74.7,0.344,0.2,0.253,28.3
1298,328634.2,4695775.4,9.6,0.663,2,,0.166,0.333,0.5,28.3
1299,324584.2,4696825.4,44.9,0.258,1,,0.064,0.5,0.5,28.2
1300,327784.2,4694525.4,53.0,0.839,3,,0.21,0.25,0.5,28.0
1301,327884.2,4695325.4,17.8,0.624,2,,0.156,0.333,0.5,27.8
1302,324684.2,4697125.4,46.0,0.224,1,,0.056,0.5,0.5,27.8
1303,327884.2,4694325.4,44.4,0.937,4,,0.234,0.2,0.5,27.7
1304,328434.2,4695725.4,10.0,0.213,1,,0.053,0.5,0.5,27.7
1305,328984.2,4695575.4,11.6,0.206,1,,0.051,0.5,0.5,27.6
1306,325084.2,4696675.4,62.6,0.193,1,,0.048,0.5,0.5,27.4
1307,327284.2,4695275.4,52.7,0.586,2,,0.147,0.333,0.5,27.3
1308,327084.2,4695325.4,65.6,0.586,2,,0.146,0.333,0.5,27.3
1309,328734.2,4695525.4,10.9,0.178,1,,0.044,0.5,0.5,27.2
1310,324634.2,4696875.4,51.7,0.574,2,,0.143,0.333,0.5,27.2
1311,328334.2,4695275.4,13.0,0.166,1,,0.042,0.5,0.5,27.1
1312,327734.2,4695375.4,31.4,0.165,1,,0.041,0.5,0.5,27.1
1313,328984.2,4695425.4,10.0,0.891,4,,0.223,0.2,0.5,27.1
1314,326734.2,4695575.4,48.4,1.404,5,77.2,0.351,0.167,0.228,27.1
1315,326184.2,4695725.4,41.4,1.227,4,71.1,0.307,0.2,0.289,27.1
1316,325984.2,4696075.4,46.2,0.572,1,75.9,0.143,0.5,0.241,27.0
1317,328234.2,4694975.4,20.3,0.153,1,,0.038,0.5,0.5,26.9
1318,326384.2,4695575.4,48.4,0.243,1,55.5,0.061,0.5,0.445,26.9
1319,327234.2,4695575.4,103.4,0.156,1,,0.039,0.5,0.5,26.9
1320,325134.2,4695925.4,24.6,0.753,3,,0.188,0.25,0.5,26.9
1321,326334.2,4696075.4,44.0,0.734,2,61.6,0.184,0.333,0.384,26.9
1322,328084.2,4696075.4,23.3,0.149,1,,0.037,0.5,0.5,26.9
1323,325184.2,4696125.4,26.0,0.149,1,,0.037,0.5,0.5,26.9
1324,328084.2,4693625.4,10.0,0.545,2,,0.136,0.333,0.5,26.8
1325,328934.2,4694825.4,31.1,0.132,1,,0.033,0.5,0.5,26.7
1326,328884.2,4695375.4,10.2,0.536,2,,0.134,0.333,0.5,26.7
1327,327584.2,4695475.4,53.4,0.135,1,,0.034,0.5,0.5,26.7
1328,328584.2,4695475.4,8.3,0.538,2,,0.135,0.333,0.5,26.7
1329,327184.2,4695775.4,129.8,0.0,1,41.6,0.0,0.5,0.584,26.7
1330,327984.2,4695225.4,14.5,0.126,1,,0.031,0.5,0.5,26.6
1331,327284.2,4695525.4,87.5,0.528,2,,0.132,0.333,0.5,26.6
1332,328734.2,4695225.4,10.8,0.716,3,,0.179,0.25,0.5,26.5
1333,328434.2,4695625.4,8.6,0.517,2,,0.129,0.333,0.5,26.5
1334,328084.2,4693725.4,9.6,0.912,5,,0.228,0.167,0.5,26.4
1335,327284.2,4695475.4,81.4,0.109,1,,0.027,0.5,0.5,26.4
1336,327734.2,4695625.4,46.0,0.111,1,,0.028,0.5,0.5,26.4
1337,328334.2,4695875.4,29.4,0.712,3,,0.178,0.25,0.5,26.4
1338,325834.2,4695975.4,48.8,0.116,1,,0.029,0.5,0.5,26.4
1339,326384.2,4695975.4,43.0,0.649,1,83.4,0.162,0.5,0.166,26.4
1340,327334.2,4695375.4,62.3,0.1,1,,0.025,0.5,0.5,26.3
1341,328934.2,4695525.4,11.3,0.101,1,,0.025,0.5,0.5,26.3
1342,328634.2,4695825.4,10.2,0.104,1,,0.026,0.5,0.5,26.3
1343,325384.2,4695925.4,26.9,0.107,1,,0.027,0.5,0.5,26.3
1344,326134.2,4695725.4,41.1,1.149,3,78.2,0.287,0.25,0.218,26.2
1345,328434.2,4695775.4,11.7,0.094,1,,0.023,0.5,0.5,26.2
1346,328934.2,4694875.4,29.0,0.086,1,,0.021,0.5,0.5,26.1
1347,328434.2,4695525.4,8.7,0.472,2,,0.118,0.333,0.5,25.9
1348,325384.2,4696075.4,30.2,0.069,1,,0.017,0.5,0.5,25.9
1349,326234.2,4695425.4,72.1,0.062,1,,0.016,0.5,0.5,25.8
1350,328984.2,4695625.4,12.9,0.066,1,,0.017,0.5,0.5,25.8
1351,328234.2,4695575.4,9.5,0.059,1,,0.015,0.5,0.5,25.7
1352,328134.2,4695725.4,15.4,0.052,1,,0.013,0.5,0.5,25.7
1353,327484.2,4693625.4,9.3,0.637,3,,0.159,0.25,0.5,25.5
1354,328034.2,4693675.4,9.4,0.643,3,,0.161,0.25,0.5,25.5
1355,328034.2,4694225.4,26.6,0.039,1,,0.01,0.5,0.5,25.5
1356,326184.2,4695775.4,41.1,0.484,1,77.7,0.121,0.5,0.223,25.5
1357,325834.2,4695825.4,35.7,1.347,3,94.4,0.337,0.25,0.056,25.5
1358,325334.2,4696275.4,41.7,0.032,1,,0.008,0.5,0.5,25.4
1359,328134.2,4694025.4,20.6,0.024,1,,0.006,0.5,0.5,25.3
1360,325834.2,4695775.4,37.5,0.622,3,,0.155,0.25,0.5,25.3
1361,326034.2,4696075.4,45.2,0.577,1,84.5,0.144,0.5,0.155,25.3
1362,327684.2,4695425.4,39.2,0.017,1,,0.004,0.5,0.5,25.2
1363,328284.2,4695475.4,9.2,0.418,2,,0.105,0.333,0.5,25.2
1364,328684.2,4695575.4,10.1,0.616,3,,0.154,0.25,0.5,25.2
1365,327234.2,4695625.4,111.0,0.019,1,,0.005,0.5,0.5,25.2
1366,326284.2,4695675.4,44.3,0.92,4,61.5,0.23,0.2,0.385,25.2
1367,326184.2,4695825.4,40.0,0.949,2,83.4,0.237,0.333,0.166,25.2
1368,328584.2,4695925.4,10.2,0.014,1,,0.004,0.5,0.5,25.2
1369,328484.2,4695975.4,10.6,0.015,1,,0.004,0.5,0.5,25.2
1370,324734.2,4697075.4,56.9,0.016,1,,0.004,0.5,0.5,25.2
1371,324734.2,4697275.4,34.7,0.946,8,,0.236,0.111,0.5,25.2
1372,328034.2,4693725.4,9.4,0.608,3,,0.152,0.25,0.5,25.1
1373,327784.2,4695375.4,27.9,0.005,1,,0.001,0.5,0.5,25.1
1374,327234.2,4695525.4,95.6,0.007,1,,0.002,0.5,0.5,25.1
1375,328484.2,4695725.4,9.4,0.406,2,,0.101,0.333,0.5,25.1
1376,325334.2,4696025.4,28.0,0.01,1,,0.003,0.5,0.5,25.1
1377,328134.2,4696025.4,37.7,0.007,1,,0.002,0.5,0.5,25.1
1378,324934.2,4696725.4,70.8,0.804,5,,0.201,0.167,0.5,25.1
1379,327434.2,4693675.4,13.1,0.0,1,,0.0,0.5,0.5,25.0
1380,327434.2,4693725.4,16.6,0.0,1,,0.0,0.5,0.5,25.0
1381,327384.2,4694875.4,96.3,0.0,1,,0.0,0.5,0.5,25.0
1382,327784.2,4695075.4,41.8,0.0,1,,0.0,0.5,0.5,25.0
1383,327484.2,4695275.4,44.1,0.0,1,,0.0,0.5,0.5,25.0
1384,327334.2,4695325.4,60.0,0.0,1,,0.0,0.5,0.5,25.0
1385,327734.2,4695425.4,35.2,0.0,1,,0.0,0.5,0.5,25.0
1386,327784.2,4695425.4,29.8,0.0,1,,0.0,0.5,0.5,25.0
1387,327634.2,4695475.4,49.9,0.0,1,,0.0,0.5,0.5,25.0
1388,327684.2,4695475.4,44.4,0.0,1,,0.0,0.5,0.5,25.0
1389,327184.2,4695525.4,102.1,0.0,1,,0.0,0.5,0.5,25.0
1390,328784.2,4695525.4,12.5,0.0,1,,0.0,0.5,0.5,25.0
1391,327184.2,4695575.4,111.5,0.0,1,,0.0,0.5,0.5,25.0
1392,327434.2,4695625.4,90.2,0.001,1,,0.0,0.5,0.5,25.0
1393,327484.2,4695625.4,87.6,0.0,1,,0.0,0.5,0.5,25.0
1394,328884.2,4695625.4,12.4,0.0,1,,0.0,0.5,0.5,25.0
1395,325734.2,4695675.4,40.1,0.0,1,,0.0,0.5,0.5,25.0
1396,325784.2,4695675.4,43.5,0.0,1,,0.0,0.5,0.5,25.0
1397,325884.2,4695675.4,45.6,0.0,1,,0.0,0.5,0.5,25.0
1398,326384.2,4695675.4,47.5,0.0,1,,0.0,0.5,0.5,25.0
1399,327384.2,4695675.4,101.9,0.0,1,,0.0,0.5,0.5,25.0
1400,327484.2,4695675.4,94.4,0.0,1,,0.0,0.5,0.5,25.0
1401,328884.2,4695675.4,12.5,0.0,1,,0.0,0.5,0.5,25.0
1402,328984.2,4695675.4,13.1,0.0,1,,0.0,0.5,0.5,25.0
1403,326234.2,4695725.4,41.9,1.385,10,75.0,0.346,0.091,0.25,25.0
1404,327334.2,4695725.4,113.2,0.0,1,,0.0,0.5,0.5,25.0
1405,328984.2,4695725.4,10.2,0.0,1,,0.0,0.5,0.5,25.0
1406,327334.2,4695775.4,111.3,0.0,1,,0.0,0.5,0.5,25.0
1407,327834.2,4695775.4,26.1,0.0,1,,0.0,0.5,0.5,25.0
1408,327234.2,4695825.4,130.9,0.0,1,,0.0,0.5,0.5,25.0
1409,328234.2,4695925.4,48.6,0.0,1,,0.0,0.5,0.5,25.0
1410,328534.2,4695925.4,9.8,0.0,1,,0.0,0.5,0.5,25.0
1411,328284.2,4695975.4,45.1,0.0,1,,0.0,0.5,0.5,25.0
1412,325284.2,4696025.4,27.6,0.0,1,,0.0,0.5,0.5,25.0
1413,326834.2,4696025.4,80.8,0.0,1,,0.0,0.5,0.5,25.0
1414,325184.2,4696075.4,26.4,0.0,1,,0.0,0.5,0.5,25.0
1415,325284.2,4696075.4,29.3,0.0,1,,0.0,0.5,0.5,25.0
1416,327584.2,4696075.4,49.1,0.0,1,,0.0,0.5,0.5,25.0
1417,328184.2,4696125.4,24.9,0.0,1,,0.0,0.5,0.5,25.0
1418,324984.2,4696525.4,48.3,0.0,1,,0.0,0.5,0.5,25.0
1419,324934.2,4696775.4,78.7,0.001,1,,0.0,0.5,0.5,25.0
1420,324784.2,4696975.4,73.6,0.0,1,,0.0,0.5,0.5,25.0
1421,324834.2,4696975.4,78.6,0.0,1,,0.0,0.5,0.5,25.0
1422,324684.2,4697075.4,56.7,0.0,1,,0.0,0.5,0.5,25.0
1423,324834.2,4697425.4,52.9,0.0,1,,0.0,0.5,0.5,25.0
1424,324834.2,4697475.4,53.0,0.0,1,,0.0,0.5,0.5,25.0
1425,327634.2,4693625.4,8.7,0.39,2,,0.097,0.333,0.5,24.9
1426,324434.2,4696925.4,28.8,0.391,2,,0.098,0.333,0.5,24.9
1427,327984.2,4695925.4,26.3,0.381,2,,0.095,0.333,0.5,24.8
1428,325084.2,4696425.4,33.8,0.383,2,,0.096,0.333,0.5,24.8
1429,327634.2,4693575.4,8.9,0.574,3,,0.143,0.25,0.5,24.7
1430,328184.2,4695575.4,9.3,0.373,2,,0.093,0.333,0.5,24.7
1431,327884.2,4695275.4,18.5,0.561,3,,0.14,0.25,0.5,24.5
1432,326084.2,4695675.4,43.9,0.903,2,84.0,0.226,0.333,0.16,24.5
1433,328184.2,4693575.4,14.9,0.352,2,,0.088,0.333,0.5,24.4
1434,325784.2,4695725.4,38.6,0.344,2,,0.086,0.333,0.5,24.3
1435,324884.2,4696425.4,35.2,0.328,2,,0.082,0.333,0.5,24.1
1436,325384.2,4695975.4,27.2,0.321,2,,0.08,0.333,0.5,24.0
1437,325784.2,4695975.4,44.6,0.31,2,,0.078,0.333,0.5,23.9
1438,326884.2,4695075.4,85.6,0.0,1,56.2,0.0,0.5,0.438,23.8
1439,326384.2,4695775.4,43.1,0.295,2,,0.074,0.333,0.5,23.7
1440,326884.2,4695975.4,90.4,0.0,1,56.3,0.0,0.5,0.437,23.7
1441,325834.2,4696475.4,42.1,0.347,1,78.9,0.087,0.5,0.211,23.6
1442,328834.2,4695375.4,10.6,0.279,2,,0.07,0.333,0.5,23.5
1443,326884.2,4695525.4,60.6,0.677,5,50.0,0.169,0.167,0.5,23.5
1444,325484.2,4696425.4,43.5,0.676,5,,0.169,0.167,0.5,23.5
1445,326534.2,4695225.4,79.6,0.0,1,58.0,0.0,0.5,0.42,23.4
1446,328284.2,4695675.4,10.3,0.774,7,,0.194,0.125,0.5,23.4
1447,326734.2,4695775.4,59.9,0.625,1,97.2,0.156,0.5,0.028,23.4
1448,327684.2,4693575.4,8.8,0.66,5,,0.165,0.167,0.5,23.3
1449,326234.2,4695475.4,61.6,1.095,3,89.2,0.274,0.25,0.108,23.3
1450,327984.2,4693575.4,10.5,0.452,3,,0.113,0.25,0.5,23.2
1451,326384.2,4695625.4,45.9,0.719,3,66.6,0.18,0.25,0.334,23.2
1452,328984.2,4695475.4,10.1,0.564,4,,0.141,0.2,0.5,23.1
1453,326134.2,4695575.4,52.0,0.969,2,95.1,0.242,0.333,0.049,23.1
1454,326884.2,4695125.4,77.5,0.004,1,60.0,0.001,0.5,0.4,23.0
1455,326784.2,4695525.4,50.5,0.53,4,48.4,0.132,0.2,0.516,23.0
1456,327334.2,4694925.4,81.4,0.235,2,,0.059,0.333,0.5,22.9
1457,326184.2,4696275.4,41.3,0.271,1,78.2,0.068,0.5,0.218,22.7
1458,324434.2,4696875.4,28.6,0.413,3,,0.103,0.25,0.5,22.7
1459,327484.2,4695325.4,43.3,0.61,5,,0.152,0.167,0.5,22.6
1460,328234.2,4695625.4,10.2,0.209,2,,0.052,0.333,0.5,22.6
1461,327784.2,4695175.4,32.3,0.197,2,,0.049,0.333,0.5,22.5
1462,328184.2,4695725.4,14.8,0.189,2,,0.047,0.333,0.5,22.4
1463,327884.2,4695725.4,24.1,0.186,2,,0.047,0.333,0.5,22.3
1464,324534.2,4696875.4,39.0,0.168,2,,0.042,0.333,0.5,22.1
1465,327984.2,4694175.4,29.8,0.157,2,,0.039,0.333,0.5,22.0
1466,327884.2,4696025.4,17.2,0.473,4,,0.118,0.2,0.5,21.9
1467,327584.2,4696125.4,37.9,0.356,3,,0.089,0.25,0.5,21.9
1468,325384.2,4696225.4,42.5,0.155,2,,0.039,0.333,0.5,21.9
1469,328884.2,4695475.4,11.2,0.145,2,,0.036,0.333,0.5,21.8
1470,328534.2,4695525.4,9.6,0.143,2,,0.036,0.333,0.5,21.8
1471,327484.2,4695975.4,56.2,0.146,2,,0.037,0.333,0.5,21.8
1472,325934.2,4695725.4,42.8,0.138,2,,0.035,0.333,0.5,21.7
1473,325084.2,4696375.4,30.7,0.135,2,,0.034,0.333,0.5,21.7
1474,328234.2,4693575.4,19.8,0.127,2,,0.032,0.333,0.5,21.6
1475,328734.2,4695425.4,11.2,0.125,2,,0.031,0.333,0.5,21.6
1476,328284.2,4695625.4,10.1,0.118,2,,0.03,0.333,0.5,21.5
1477,326034.2,4696375.4,40.8,0.526,2,75.6,0.132,0.333,0.244,21.5
1478,327534.2,4693575.4,9.3,0.315,3,,0.079,0.25,0.5,21.4
1479,326184.2,4695525.4,58.1,0.773,2,91.4,0.193,0.333,0.086,21.4
1480,326984.2,4695375.4,68.6,0.0,1,68.3,0.0,0.5,0.317,21.3
1481,325834.2,4695725.4,40.8,0.105,2,,0.026,0.333,0.5,21.3
1482,328134.2,4693625.4,12.4,0.496,5,,0.124,0.167,0.5,21.2
1483,328034.2,4694525.4,27.7,0.096,2,,0.024,0.333,0.5,21.2
1484,324834.2,4697175.4,53.1,0.094,2,,0.023,0.333,0.5,21.2
1485,328684.2,4695725.4,11.1,0.092,2,,0.023,0.333,0.5,21.1
1486,325084.2,4695925.4,27.5,0.089,2,,0.022,0.333,0.5,21.1
1487,328784.2,4695275.4,9.7,0.404,4,,0.101,0.2,0.5,21.0
1488,326284.2,4695975.4,42.0,0.255,2,60.8,0.064,0.333,0.392,21.0
1489,324834.2,4697225.4,52.3,0.08,2,,0.02,0.333,0.5,21.0
1490,325434.2,4695925.4,28.0,0.071,2,,0.018,0.333,0.5,20.9
1491,326934.2,4695925.4,98.6,0.0,1,70.6,0.0,0.5,0.294,20.9
1492,326034.2,4696175.4,44.4,0.647,2,86.6,0.162,0.333,0.134,20.8
1493,326734.2,4695525.4,46.7,1.189,9,85.6,0.297,0.1,0.144,20.7
1494,327984.2,4696075.4,11.8,0.254,3,,0.063,0.25,0.5,20.7
1495,328034.2,4696075.4,15.0,0.253,3,,0.063,0.25,0.5,20.7
1496,326234.2,4696175.4,46.5,0.0,2,46.7,0.0,0.333,0.533,20.7
1497,328784.2,4695225.4,11.4,0.044,2,,0.011,0.333,0.5,20.6
1498,328334.2,4695425.4,9.7,0.368,4,,0.092,0.2,0.5,20.6
1499,326784.2,4695475.4,47.9,1.088,7,83.5,0.272,0.125,0.165,20.6
1500,325684.2,4696025.4,44.4,0.371,4,,0.093,0.2,0.5,20.6
1501,325934.2,4695625.4,49.0,0.0,1,72.7,0.0,0.5,0.273,20.5
1502,326884.2,4695875.4,80.3,0.509,2,79.1,0.127,0.333,0.209,20.5
1503,327984.2,4694575.4,30.2,0.036,2,,0.009,0.333,0.5,20.4
1504,325234.2,4696025.4,26.1,0.031,2,,0.008,0.333,0.5,20.4
1505,325384.2,4696025.4,29.1,0.03,2,,0.008,0.333,0.5,20.4
1506,328134.2,4696125.4,25.1,0.035,2,,0.009,0.333,0.5,20.4
1507,327184.2,4695825.4,132.4,0.0,1,73.5,0.0,0.5,0.265,20.3
1508,327834.2,4695325.4,23.2,0.02,2,,0.005,0.333,0.5,20.2
1509,328834.2,4695475.4,11.7,0.009,2,,0.002,0.333,0.5,20.1
1510,328684.2,4695625.4,11.2,0.209,3,,0.052,0.25,0.5,20.1
1511,328684.2,4695675.4,11.8,0.004,2,,0.001,0.333,0.5,20.1
1512,324884.2,4696775.4,76.1,0.206,3,,0.052,0.25,0.5,20.1
1513,324534.2,4696975.4,40.3,0.006,2,,0.002,0.333,0.5,20.1
1514,327934.2,4693575.4,11.7,0.0,2,,0.0,0.333,0.5,20.0
1515,327984.2,4694525.4,29.6,0.002,2,,0.001,0.333,0.5,20.0
1516,328034.2,4694575.4,31.3,0.0,2,,0.0,0.333,0.5,20.0
1517,328934.2,4694925.4,25.1,0.0,2,,0.0,0.333,0.5,20.0
1518,327634.2,4695525.4,56.1,0.0,2,,0.0,0.333,0.5,20.0
1519,327434.2,4695675.4,99.1,0.0,2,,0.0,0.333,0.5,20.0
1520,325884.2,4695725.4,43.3,0.0,2,,0.0,0.333,0.5,20.0
1521,327284.2,4695725.4,118.9,0.0,2,,0.0,0.333,0.5,20.0
1522,328934.2,4695725.4,12.1,0.0,2,,0.0,0.333,0.5,20.0
1523,328734.2,4695775.4,11.7,0.0,2,,0.0,0.333,0.5,20.0
1524,328734.2,4695825.4,11.6,0.0,2,,0.0,0.333,0.5,20.0
1525,326884.2,4695925.4,86.4,0.0,2,,0.0,0.333,0.5,20.0
1526,328184.2,4695975.4,44.6,0.0,2,,0.0,0.333,0.5,20.0
1527,326784.2,4696025.4,74.3,0.0,1,75.1,0.0,0.5,0.249,20.0
1528,327484.2,4696025.4,55.6,0.001,2,,0.0,0.333,0.5,20.0
1529,328284.2,4696025.4,35.1,0.0,2,,0.0,0.333,0.5,20.0
1530,327534.2,4696075.4,53.9,0.0,2,,0.0,0.333,0.5,20.0
1531,328134.2,4696075.4,38.3,0.0,2,,0.0,0.333,0.5,20.0
1532,327534.2,4696125.4,47.5,0.0,2,,0.0,0.333,0.5,20.0
1533,325384.2,4696275.4,51.8,0.0,2,,0.0,0.333,0.5,20.0
1534,325434.2,4696275.4,52.8,0.0,2,,0.0,0.333,0.5,20.0
1535,325434.2,4696325.4,56.6,0.0,2,,0.0,0.333,0.5,20.0
1536,325534.2,4696325.4,51.6,0.0,2,,0.0,0.333,0.5,20.0
1537,325984.2,4696025.4,48.4,0.0,2,50.3,0.0,0.333,0.497,19.9
1538,326184.2,4696225.4,45.3,0.0,1,75.7,0.0,0.5,0.243,19.9
1539,328084.2,4693675.4,10.5,0.54,9,,0.135,0.1,0.5,19.7
1540,326884.2,4695475.4,61.3,0.0,6,23.0,0.0,0.143,0.77,19.7
1541,326034.2,4696325.4,43.2,0.005,1,76.7,0.001,0.5,0.233,19.7
1542,325834.2,4696425.4,50.4,0.03,1,78.4,0.007,0.5,0.216,19.7
1543,326784.2,4695975.4,74.0,0.0,1,76.8,0.0,0.5,0.232,19.6
1544,325434.2,4696425.4,43.3,0.163,3,,0.041,0.25,0.5,19.5
1545,326634.2,4695775.4,61.2,0.0,1,77.9,0.0,0.5,0.221,19.4
1546,325984.2,4695625.4,49.6,0.153,1,88.0,0.038,0.5,0.12,19.3
1547,324784.2,4697025.4,64.2,0.261,4,,0.065,0.2,0.5,19.3
1548,328234.2,4695675.4,12.4,0.136,3,,0.034,0.25,0.5,19.2
1549,327434.2,4695325.4,48.0,0.126,3,,0.032,0.25,0.5,19.1
1550,328434.2,4695475.4,10.3,0.131,3,,0.033,0.25,0.5,19.1
1551,326984.2,4695475.4,69.7,0.604,4,72.6,0.151,0.2,0.274,19.0
1552,325934.2,4695875.4,42.3,0.668,2,96.8,0.167,0.333,0.032,19.0
1553,326984.2,4695925.4,110.3,0.0,1,80.5,0.0,0.5,0.195,18.9
1554,325584.2,4696375.4,45.1,0.227,4,,0.057,0.2,0.5,18.8
1555,326734.2,4695275.4,63.6,0.063,2,60.6,0.016,0.333,0.394,18.7
1556,326184.2,4695475.4,69.8,0.0,1,81.7,0.0,0.5,0.183,18.7
1557,324584.2,4696925.4,45.9,0.097,3,,0.024,0.25,0.5,18.7
1558,326134.2,4695475.4,71.3,0.0,1,81.9,0.0,0.5,0.181,18.6
1559,328184.2,4695925.4,36.9,0.09,3,,0.023,0.25,0.5,18.6
1560,324984.2,4696675.4,66.4,0.078,3,,0.02,0.25,0.5,18.5
1561,328984.2,4695525.4,10.8,0.065,3,,0.016,0.25,0.5,18.3
1562,326434.2,4695625.4,47.3,0.204,2,72.0,0.051,0.333,0.28,18.2
1563,326034.2,4695675.4,45.4,0.09,1,90.2,0.022,0.5,0.098,18.1
1564,328784.2,4695475.4,11.2,0.035,3,,0.009,0.25,0.5,17.9
1565,328784.2,4695325.4,10.4,0.144,4,,0.036,0.2,0.5,17.8
1566,326834.2,4695425.4,52.0,0.723,5,81.4,0.181,0.167,0.186,17.8
1567,326334.2,4695825.4,41.7,0.42,3,74.9,0.105,0.25,0.251,17.8
1568,328834.2,4695825.4,9.1,0.021,3,,0.005,0.25,0.5,17.8
1569,327984.2,4693525.4,10.0,0.219,5,,0.055,0.167,0.5,17.7
1570,326984.2,4695275.4,61.6,0.377,2,85.2,0.094,0.333,0.148,17.7
1571,327184.2,4695625.4,118.4,0.0,1,86.7,0.0,0.5,0.133,17.7
1572,326284.2,4695775.4,44.8,0.0,1,86.5,0.0,0.5,0.135,17.7
1573,325534.2,4696225.4,50.7,0.019,3,,0.005,0.25,0.5,17.7
1574,324484.2,4696875.4,35.0,0.014,3,,0.003,0.25,0.5,17.7
1575,327584.2,4693575.4,9.6,0.127,4,,0.032,0.2,0.5,17.6
1576,328184.2,4693625.4,21.8,0.006,3,,0.001,0.25,0.5,17.6
1577,328334.2,4695475.4,10.3,0.012,3,,0.003,0.25,0.5,17.6
1578,326334.2,4695725.4,46.7,0.008,3,,0.002,0.25,0.5,17.6
1579,327484.2,4696175.4,46.4,0.01,3,,0.002,0.25,0.5,17.6
1580,327784.2,4695125.4,36.5,0.0,3,,0.0,0.25,0.5,17.5
1581,327584.2,4695525.4,61.6,0.0,3,,0.0,0.25,0.5,17.5
1582,327834.2,4695725.4,32.0,0.0,3,,0.0,0.25,0.5,17.5
1583,327284.2,4695775.4,120.6,0.0,3,,0.0,0.25,0.5,17.5
1584,328684.2,4695775.4,10.7,0.124,4,,0.031,0.2,0.5,17.5
1585,328784.2,4695825.4,11.2,0.0,3,,0.0,0.25,0.5,17.5
1586,325534.2,4696275.4,51.4,0.0,3,,0.0,0.25,0.5,17.5
1587,325484.2,4696325.4,54.2,0.0,3,,0.0,0.25,0.5,17.5
1588,324984.2,4696725.4,75.1,0.002,3,,0.0,0.25,0.5,17.5
1589,324784.2,4697375.4,47.3,0.0,3,,0.0,0.25,0.5,17.5
1590,324784.2,4697425.4,44.4,0.0,3,,0.0,0.25,0.5,17.5
1591,325534.2,4696375.4,46.8,0.099,4,,0.025,0.2,0.5,17.2
1592,326984.2,4695325.4,67.7,0.0,1,90.7,0.0,0.5,0.093,16.9
1593,326634.2,4695725.4,56.0,0.032,4,47.3,0.008,0.2,0.527,16.9
1594,327934.2,4693525.4,10.6,0.189,6,,0.047,0.143,0.5,16.7
1595,325234.2,4696075.4,26.8,0.04,4,,0.01,0.2,0.5,16.5
1596,326034.2,4696225.4,44.5,0.214,2,80.7,0.054,0.333,0.193,16.5
1597,326734.2,4695725.4,59.4,0.042,1,95.7,0.01,0.5,0.043,16.4
1598,326984.2,4695425.4,67.1,0.427,4,75.2,0.107,0.2,0.248,16.3
1599,328734.2,4695475.4,11.2,0.0,4,,0.0,0.2,0.5,16.0
1600,328834.2,4695525.4,12.4,0.0,4,,0.0,0.2,0.5,16.0
1601,328884.2,4695525.4,12.3,0.0,4,,0.0,0.2,0.5,16.0
1602,328784.2,4695575.4,12.6,0.0,4,,0.0,0.2,0.5,16.0
1603,328884.2,4695575.4,12.5,0.002,4,,0.0,0.2,0.5,16.0
1604,328784.2,4695625.4,12.0,0.0,4,,0.0,0.2,0.5,16.0
1605,328834.2,4695625.4,12.4,0.0,4,,0.0,0.2,0.5,16.0
1606,328734.2,4695675.4,12.5,0.0,4,,0.0,0.2,0.5,16.0
1607,328734.2,4695725.4,12.0,0.0,4,,0.0,0.2,0.5,16.0
1608,328884.2,4695725.4,12.2,0.0,4,,0.0,0.2,0.5,16.0
1609,328784.2,4695775.4,12.0,0.0,4,,0.0,0.2,0.5,16.0
1610,328834.2,4695775.4,11.5,0.0,4,,0.0,0.2,0.5,16.0
1611,328884.2,4695775.4,11.0,0.0,4,,0.0,0.2,0.5,16.0
1612,328684.2,4695825.4,11.5,0.0,4,,0.0,0.2,0.5,16.0
1613,326084.2,4695975.4,44.7,0.264,3,74.2,0.066,0.25,0.258,16.0
1614,325734.2,4696025.4,52.8,0.001,4,,0.0,0.2,0.5,16.0
1615,325034.2,4696625.4,61.6,0.0,4,,0.0,0.2,0.5,16.0
1616,325034.2,4696675.4,67.6,0.0,4,,0.0,0.2,0.5,16.0
1617,324484.2,4696925.4,35.6,0.0,4,,0.0,0.2,0.5,16.0
1618,324534.2,4696925.4,41.9,0.0,4,,0.0,0.2,0.5,16.0
1619,326934.2,4695325.4,62.7,0.011,2,71.0,0.003,0.333,0.29,15.9
1620,326684.2,4695575.4,46.7,0.583,7,75.5,0.146,0.125,0.245,15.9
1621,326084.2,4696025.4,44.9,0.048,3,61.0,0.012,0.25,0.39,15.9
1622,326234.2,4696275.4,42.3,0.5,3,89.1,0.125,0.25,0.109,15.9
1623,326334.2,4695875.4,41.0,0.57,4,86.6,0.143,0.2,0.134,15.8
1624,326284.2,4696075.4,46.3,0.0,2,71.0,0.0,0.333,0.29,15.8
1625,326384.2,4695725.4,44.7,0.103,4,58.6,0.026,0.2,0.414,15.6
1626,328284.2,4695825.4,27.3,0.035,5,,0.009,0.167,0.5,15.4
1627,325984.2,4696425.4,42.8,0.088,4,58.5,0.022,0.2,0.415,15.4
1628,326534.2,4695275.4,68.4,0.614,6,83.3,0.153,0.143,0.167,15.3
1629,328734.2,4695575.4,11.3,0.023,5,,0.006,0.167,0.5,15.3
1630,326284.2,4695925.4,41.2,0.42,5,74.7,0.105,0.167,0.253,15.3
1631,326584.2,4695225.4,78.9,0.0,3,61.5,0.0,0.25,0.385,15.2
1632,327234.2,4695775.4,126.5,0.0,2,74.2,0.0,0.333,0.258,15.2
1633,326284.2,4696125.4,45.2,0.073,3,66.6,0.018,0.25,0.334,15.1
1634,328734.2,4695625.4,12.1,0.0,5,,0.0,0.167,0.5,15.0
1635,328834.2,4695725.4,12.0,0.0,5,,0.0,0.167,0.5,15.0
1636,326834.2,4695475.4,54.2,0.258,3,79.0,0.065,0.25,0.21,14.9
1637,326834.2,4695975.4,81.2,0.0,2,77.4,0.0,0.333,0.226,14.5
1638,328134.2,4693675.4,14.2,0.047,7,,0.012,0.125,0.5,14.3
1639,328834.2,4695575.4,12.4,0.0,6,,0.0,0.143,0.5,14.3
1640,328784.2,4695675.4,12.1,0.0,6,,0.0,0.143,0.5,14.3
1641,328834.2,4695675.4,12.2,0.0,6,,0.0,0.143,0.5,14.3
1642,325484.2,4696275.4,50.6,0.0,6,,0.0,0.143,0.5,14.3
1643,326334.2,4695675.4,47.4,0.0,3,67.8,0.0,0.25,0.322,13.9
1644,326434.2,4695725.4,45.8,0.0,3,68.0,0.0,0.25,0.32,13.9
1645,326284.2,4695875.4,41.7,0.15,4,69.7,0.037,0.2,0.303,13.9
1646,326034.2,4695975.4,49.0,0.0,2,80.4,0.0,0.333,0.196,13.9
1647,328784.2,4695725.4,12.3,0.0,7,,0.0,0.125,0.5,13.8
1648,326584.2,4695775.4,53.1,0.361,5,79.7,0.09,0.167,0.203,13.6
1649,325984.2,4695675.4,46.3,0.007,2,83.8,0.002,0.333,0.162,13.3
1650,326484.2,4695675.4,46.3,0.001,3,72.2,0.0,0.25,0.278,13.1
1651,325884.2,4696425.4,49.4,0.0,2,84.3,0.0,0.333,0.157,13.1
1652,326834.2,4695125.4,80.2,0.0,3,72.5,0.0,0.25,0.275,13.0
1653,325984.2,4696375.4,44.5,0.079,4,69.8,0.02,0.2,0.302,13.0
1654,326434.2,4695675.4,48.3,0.0,3,75.3,0.0,0.25,0.247,12.4
1655,326234.2,4696225.4,45.4,0.0,5,64.2,0.0,0.167,0.358,12.2
1656,326784.2,4695125.4,81.6,0.0,3,77.2,0.0,0.25,0.228,12.1
1657,326684.2,4695625.4,50.3,0.0,2,93.0,0.0,0.333,0.07,11.4
1658,326334.2,4695775.4,44.2,0.04,5,70.3,0.01,0.167,0.297,11.4
1659,326884.2,4695425.4,61.0,0.0,6,65.5,0.0,0.143,0.345,11.2
1660,326634.2,4695225.4,78.5,0.0,4,75.0,0.0,0.2,0.25,11.0
1661,326634.2,4695275.4,68.4,0.079,2,99.9,0.02,0.333,0.001,11.0
1662,326284.2,4695725.4,44.9,0.281,5,87.4,0.07,0.167,0.126,11.0
1663,326734.2,4695675.4,56.7,0.0,3,83.8,0.0,0.25,0.162,10.7
1664,325934.2,4695675.4,45.7,0.0,3,84.5,0.0,0.25,0.155,10.6
1665,326334.2,4695925.4,41.8,0.111,7,73.7,0.028,0.125,0.263,10.4
1666,326584.2,4695275.4,69.6,0.0,4,78.4,0.0,0.2,0.216,10.3
1667,326784.2,4695175.4,77.5,0.0,5,74.0,0.0,0.167,0.26,10.2
1668,326684.2,4695175.4,82.7,0.0,3,87.0,0.0,0.25,0.13,10.1
1669,325934.2,4696425.4,47.3,0.0,4,79.7,0.0,0.2,0.203,10.1
1670,326134.2,4695525.4,62.9,0.0,3,87.7,0.0,0.25,0.123,10.0
1671,326684.2,4695225.4,75.8,0.0,4,80.3,0.0,0.2,0.197,9.9
1672,326334.2,4695975.4,42.4,0.007,4,81.3,0.002,0.2,0.187,9.8
1673,326034.2,4696025.4,46.6,0.0,5,77.5,0.0,0.167,0.225,9.5
1674,326284.2,4695825.4,43.3,0.0,3,90.4,0.0,0.25,0.096,9.4
1675,326934.2,4695475.4,65.0,0.108,8,78.2,0.027,0.111,0.218,9.0
1676,326684.2,4695725.4,60.5,0.0,3,93.0,0.0,0.25,0.07,8.9
1677,326684.2,4695675.4,56.0,0.0,4,86.0,0.0,0.2,0.14,8.8
1678,326834.2,4695175.4,74.1,0.0,3,97.5,0.0,0.25,0.025,8.0
1679,326934.2,4695375.4,64.9,0.0,5,86.1,0.0,0.167,0.139,7.8
1680,326734.2,4695175.4,79.3,0.0,7,80.5,0.0,0.125,0.195,7.7
1681,326934.2,4695425.4,65.6,0.0,6,83.0,0.0,0.143,0.17,7.7
1682,326834.2,4695925.4,74.3,0.0,5,87.0,0.0,0.167,0.13,7.6
1683,326734.2,4695225.4,73.1,0.0,5,96.6,0.0,0.167,0.034,5.7
